Outstanding,date,currency,type
2100000.0,2023-12-01,IDR, GMM 
4200000.0,2023-12-01,IDR, GMM 
5600000.0,2023-12-01,IDR, GMM 
1570000.0,2023-12-01,IDR, GMM 
2275500.0,2023-12-01,IDR, GMM 
2200000.0,2023-12-01,IDR, GMM 
2000000.0,2023-12-01,IDR, GMM 
2400000.0,2023-12-01,IDR, GMM 
1115000.0,2023-12-01,IDR, GMM 
3225000.0,2023-12-01,IDR, GMM 
13250000.0,2023-12-01,IDR, GMM 
2800000.0,2023-12-01,IDR, GMM 
800000.0,2023-12-01,IDR, GMM 
1045259.747,2023-12-01,IDR, GMM 
1045259.747,2023-12-01,IDR, GMM 
784990.973,2023-12-01,IDR, GMM 
784990.973,2023-12-01,IDR, GMM 
1371553.972,2023-12-01,IDR, GMM 
834028.357,2023-12-01,IDR, GMM 
784990.973,2023-12-01,IDR, GMM 
784990.973,2023-12-01,IDR, GMM 
1371553.972,2023-12-01,IDR, GMM 
834028.357,2023-12-01,IDR, GMM 
784990.973,2023-12-01,IDR, GMM 
1000000.0,2023-12-01,IDR, GMM 
1500000.0,2023-12-01,IDR, GMM 
2000000.0,2023-12-01,IDR, GMM 
4000000.0,2023-12-01,IDR, GMM 
1200000.0,2023-12-01,IDR, GMM 
1000000.0,2023-12-01,IDR, GMM 
0.0,2023-12-01,IDR, GMM 
2000000.0,2023-12-01,IDR, GMM 
2000000.0,2023-12-01,IDR, GMM 
0.0,2023-12-01,IDR, GMM 
2000000.0,2023-12-01,IDR, GMM 
1200000.0,2023-12-01,IDR, GMM 
0.0,2023-12-01,IDR, GMM 
2000000.0,2023-12-01,IDR, GMM 
1400000.0,2023-12-01,IDR, GMM 
20000000.0,2023-12-01,IDR, GMM 
5000000.0,2023-12-01,IDR, GMM 
7500000.0,2023-12-01,IDR, GMM 
3000000.0,2023-12-01,IDR, GMM 
1000000.0,2023-12-01,IDR, GMM 
2000000.0,2023-12-01,IDR, GMM 
0.0,2023-12-01,IDR, GMM 
1000000.0,2023-12-01,IDR, GMM 
4000000.0,2023-12-01,IDR, GMM 
2200000.0,2023-12-01,IDR, GMM 
5000000.0,2023-12-01,IDR, GMM 
5000000.0,2023-12-01,IDR, GMM 
0.0,2023-12-01,IDR, GMM 
5400000.0,2023-12-01,IDR, GMM 
2000000.0,2023-12-01,IDR, GMM 
2300000.0,2023-12-01,IDR, GMM 
2840000.0,2023-12-01,IDR, GMM 
1750000.0,2023-12-01,IDR, GMM 
3000000.0,2023-12-01,IDR, GMM 
3000000.0,2023-12-01,IDR, GMM 
2000000.0,2023-12-01,IDR, GMM 
1000000.0,2023-12-01,IDR, GMM 
1500000.0,2023-12-01,IDR, GMM 
1700000.0,2023-12-01,IDR, GMM 
2000000.0,2023-12-01,IDR, GMM 
3000000.0,2023-12-01,IDR, GMM 
5100000.0,2023-12-01,IDR, GMM 
1500000.0,2023-12-01,IDR, GMM 
4000000.0,2023-12-01,IDR, GMM 
800000.0,2023-12-01,IDR, GMM 
1675000.0,2023-12-01,IDR, GMM 
6000000.0,2023-12-01,IDR, GMM 
3000000.0,2023-12-01,IDR, GMM 
4000000.0,2023-12-01,IDR, GMM 
2076500.0,2023-12-01,IDR, GMM 
3300000.0,2023-12-01,IDR, GMM 
6704000.0,2023-12-01,IDR, GMM 
8000000.0,2023-12-01,IDR, GMM 
500000.0,2023-12-01,IDR, GMM 
22200000.0,2023-12-01,IDR, GMM 
20000000.0,2023-12-01,IDR, GMM 
1000000.0,2023-12-01,IDR, GMM 
0.0,2023-12-01,IDR, GMM 
6600000.0,2023-12-01,IDR, GMM 
6600000.0,2023-12-01,IDR, GMM 
1000000.0,2023-12-01,IDR, GMM 
1000000.0,2023-12-01,IDR, GMM 
1500000.0,2023-12-01,IDR, GMM 
8000000.0,2023-12-01,IDR, GMM 
1000000.0,2023-12-01,IDR, GMM 
6000000.0,2023-12-01,IDR, GMM 
1000000.0,2023-12-01,IDR, GMM 
1000000.0,2023-12-01,IDR, GMM 
24000000.0,2023-12-01,IDR, GMM 
6000000.0,2023-12-01,IDR, GMM 
8000000.0,2023-12-01,IDR, GMM 
1400000.0,2023-12-01,IDR, GMM 
1000000.0,2023-12-01,IDR, GMM 
6000000.0,2023-12-01,IDR, GMM 
1250000.0,2023-12-01,IDR, GMM 
40000000.0,2023-12-01,IDR, GMM 
1000000.0,2023-12-01,IDR, GMM 
1000000.0,2023-12-01,IDR, GMM 
1000000.0,2023-12-01,IDR, GMM 
0.0,2023-12-01,IDR, GMM 
4000000.0,2023-12-01,IDR, GMM 
2000000.0,2023-12-01,IDR, GMM 
2000000.0,2023-12-01,IDR, GMM 
0.0,2023-12-01,IDR, GMM 
4500000.0,2023-12-01,IDR, GMM 
10400000.0,2023-12-01,IDR, GMM 
1500000.0,2023-12-01,IDR, GMM 
2000000.0,2023-12-01,IDR, GMM 
4800000.0,2023-12-01,IDR, GMM 
1500000.0,2023-12-01,IDR, GMM 
15000000.0,2023-12-01,IDR, GMM 
500000.0,2023-12-01,IDR, GMM 
0.0,2023-12-01,IDR, GMM 
1000000.0,2023-12-01,IDR, GMM 
500000.0,2023-12-01,IDR, GMM 
9000000.0,2023-12-01,IDR, GMM 
1000000.0,2023-12-01,IDR, GMM 
10000000.0,2023-12-01,IDR, GMM 
1000000.0,2023-12-01,IDR, GMM 
1000000.0,2023-12-01,IDR, GMM 
3500000.0,2023-12-01,IDR, GMM 
500000.0,2023-12-01,IDR, GMM 
1400000.0,2023-12-01,IDR, GMM 
2600000.0,2023-12-01,IDR, GMM 
1300000.0,2023-12-01,IDR, GMM 
3000000.0,2023-12-01,IDR, GMM 
12000000.0,2023-12-01,IDR, GMM 
15000000.0,2023-12-01,IDR, GMM 
2500000.0,2023-12-01,IDR, GMM 
12000000.0,2023-12-01,IDR, GMM 
2500000.0,2023-12-01,IDR, GMM 
0.0,2023-12-01,IDR, GMM 
1200000.0,2023-12-01,IDR, GMM 
8000000.0,2023-12-01,IDR, GMM 
1000000.0,2023-12-01,IDR, GMM 
3000000.0,2023-12-01,IDR, GMM 
1000000.0,2023-12-01,IDR, GMM 
0.0,2023-12-01,IDR, GMM 
2000000.0,2023-12-01,IDR, GMM 
2250000.0,2023-12-01,IDR, GMM 
6000000.0,2023-12-01,IDR, GMM 
6000000.0,2023-12-01,IDR, GMM 
4000000.0,2023-12-01,IDR, GMM 
5600000.0,2023-12-01,IDR, GMM 
3600000.0,2023-12-01,IDR, GMM 
1000000.0,2023-12-01,IDR, GMM 
4000000.0,2023-12-01,IDR, GMM 
4000000.0,2023-12-01,IDR, GMM 
0.0,2023-12-01,IDR, GMM 
0.0,2023-12-01,IDR, GMM 
0.0,2023-12-01,IDR, GMM 
4800000.0,2023-12-01,IDR, GMM 
4500000.0,2023-12-01,IDR, GMM 
3600000.0,2023-12-01,IDR, GMM 
800000.0,2023-12-01,IDR, GMM 
232558.2,2023-12-01,IDR, GMM 
0.0,2023-12-01,IDR, GMM 
0.0,2023-12-01,IDR, GMM 
2000000.0,2023-12-01,IDR, GMM 
4650000.0,2023-12-01,IDR, GMM 
0.0,2023-12-01,IDR, GMM 
0.0,2023-12-01,IDR, GMM 
0.0,2023-12-01,IDR, GMM 
10000000.0,2023-12-01,IDR, GMM 
13200000.0,2023-12-01,IDR, GMM 
8000000.0,2023-12-01,IDR, GMM 
20000000.0,2023-12-01,IDR, GMM 
0.0,2023-12-01,IDR, GMM 
0.0,2023-12-01,IDR, GMM 
0.0,2023-12-01,IDR, GMM 
16000000.0,2023-12-01,IDR, GMM 
3000000.0,2023-12-01,IDR, GMM 
4000000.0,2023-12-01,IDR, GMM 
1200000.0,2023-12-01,IDR, GMM 
1000000.0,2023-12-01,IDR, GMM 
2000000.0,2023-12-01,IDR, GMM 
2000000.0,2023-12-01,IDR, GMM 
4000000.0,2023-12-01,IDR, GMM 
2400000.0,2023-12-01,IDR, GMM 
0.0,2023-12-01,IDR, GMM 
2100000.0,2023-12-01,IDR, GMM 
7500000.0,2023-12-01,IDR, GMM 
3500000.0,2023-12-01,IDR, GMM 
6000000.0,2023-12-01,IDR, GMM 
3000000.0,2023-12-01,IDR, GMM 
2000000.0,2023-12-01,IDR, GMM 
3000000.0,2023-12-01,IDR, GMM 
3400000.0,2023-12-01,IDR, GMM 
3000000.0,2023-12-01,IDR, GMM 
4500000.0,2023-12-01,IDR, GMM 
10200000.0,2023-12-01,IDR, GMM 
3000000.0,2023-12-01,IDR, GMM 
1600000.0,2023-12-01,IDR, GMM 
3350000.0,2023-12-01,IDR, GMM 
1000000.0,2023-12-01,IDR, GMM 
0.0,2023-12-01,IDR, GMM 
9900000.0,2023-12-01,IDR, GMM 
9900000.0,2023-12-01,IDR, GMM 
2000000.0,2023-12-01,IDR, GMM 
2000000.0,2023-12-01,IDR, GMM 
3000000.0,2023-12-01,IDR, GMM 
2000000.0,2023-12-01,IDR, GMM 
1500000.0,2023-12-01,IDR, GMM 
2000000.0,2023-12-01,IDR, GMM 
2000000.0,2023-12-01,IDR, GMM 
6000000.0,2023-12-01,IDR, GMM 
2500000.0,2023-12-01,IDR, GMM 
2000000.0,2023-12-01,IDR, GMM 
1500000.0,2023-12-01,IDR, GMM 
2000000.0,2023-12-01,IDR, GMM 
4000000.0,2023-12-01,IDR, GMM 
10400000.0,2023-12-01,IDR, GMM 
3000000.0,2023-12-01,IDR, GMM 
3000000.0,2023-12-01,IDR, GMM 
1000000.0,2023-12-01,IDR, GMM 
0.0,2023-12-01,IDR, GMM 
2000000.0,2023-12-01,IDR, GMM 
1000000.0,2023-12-01,IDR, GMM 
10000000.0,2023-12-01,IDR, GMM 
2000000.0,2023-12-01,IDR, GMM 
7000000.0,2023-12-01,IDR, GMM 
1000000.0,2023-12-01,IDR, GMM 
2800000.0,2023-12-01,IDR, GMM 
2600000.0,2023-12-01,IDR, GMM 
6000000.0,2023-12-01,IDR, GMM 
5000000.0,2023-12-01,IDR, GMM 
5000000.0,2023-12-01,IDR, GMM 
0.0,2023-12-01,IDR, GMM 
2400000.0,2023-12-01,IDR, GMM 
2000000.0,2023-12-01,IDR, GMM 
0.0,2023-12-01,IDR, GMM 
6000000.0,2023-12-01,IDR, GMM 
0.0,2023-12-01,IDR, GMM 
0.0,2023-12-01,IDR, GMM 
0.0,2023-12-01,IDR, GMM 
1600000.0,2023-12-01,IDR, GMM 
465116.4,2023-12-01,IDR, GMM 
0.0,2023-12-01,IDR, GMM 
4000000.0,2023-12-01,IDR, GMM 
6975000.0,2023-12-01,IDR, GMM 
0.0,2023-12-01,IDR, GMM 
2500000.0,2023-12-01,IDR, GMM 
3300000.0,2023-12-01,IDR, GMM 
2000000.0,2023-12-01,IDR, GMM 
5000000.0,2023-12-01,IDR, GMM 
0.0,2023-12-01,IDR, GMM 
0.0,2023-12-01,IDR, GMM 
0.0,2023-12-01,IDR, GMM 
4000000.0,2023-12-01,IDR, GMM 
1200000.0,2023-12-01,IDR, GMM 
2000000.0,2023-12-01,IDR, GMM 
4000000.0,2023-12-01,IDR, GMM 
4000000.0,2023-12-01,IDR, GMM 
10000000.0,2023-12-01,IDR, GMM 
18600000.0,2023-12-01,IDR, GMM 
1000000.0,2023-12-01,IDR, GMM 
1400000.0,2023-12-01,IDR, GMM 
1570000.0,2023-12-01,IDR, GMM 
1400000.0,2023-12-01,IDR, GMM 
13250000.0,2023-12-01,IDR, GMM 
8000000.0,2023-12-01,IDR, GMM 
1000000.0,2023-12-01,IDR, GMM 
7200000.0,2023-12-01,IDR, GMM 
4000000.0,2023-12-01,IDR, GMM 
1000000.0,2023-12-01,IDR, GMM 
10800000.0,2023-12-01,IDR, GMM 
2000000.0,2023-12-01,IDR, GMM 
1000000.0,2023-12-01,IDR, GMM 
6000000.0,2023-12-01,IDR, GMM 
8000000.0,2023-12-01,IDR, GMM 
8000000.0,2023-12-01,IDR, GMM 
5600000.0,2023-12-01,IDR, GMM 
4000000.0,2023-12-01,IDR, GMM 
1000000.0,2023-12-01,IDR, GMM 
10000000.0,2023-12-01,IDR, GMM 
12000000.0,2023-12-01,IDR, GMM 
1000000.0,2023-12-01,IDR, GMM 
0.0,2023-12-01,IDR, GMM 
12000000.0,2023-12-01,IDR, GMM 
2600000.0,2023-12-01,IDR, GMM 
0.0,2023-12-01,IDR, GMM 
2000000.0,2023-12-01,IDR, GMM 
1000000.0,2023-12-01,IDR, GMM 
1400000.0,2023-12-01,IDR, GMM 
1570000.0,2023-12-01,IDR, GMM 
1400000.0,2023-12-01,IDR, GMM 
13250000.0,2023-12-01,IDR, GMM 
2016264.534,2023-12-01,IDR, GMM 
2016264.534,2023-12-01,IDR, GMM 
1609398.89,2023-12-01,IDR, GMM 
2057330.958,2023-12-01,IDR, GMM 
2057330.958,2023-12-01,IDR, GMM 
1700000.0,2023-12-01,IDR, GMM 
1600000.0,2023-12-01,IDR, GMM 
2000000.0,2023-12-01,IDR, GMM 
2000000.0,2023-12-01,IDR, GMM 
4000000.0,2023-12-01,IDR, GMM 
1200000.0,2023-12-01,IDR, GMM 
0.0,2023-12-01,IDR, GMM 
2000000.0,2023-12-01,IDR, GMM 
0.0,2023-12-01,IDR, GMM 
3200000.0,2023-12-01,IDR, GMM 
3000000.0,2023-12-01,IDR, GMM 
3000000.0,2023-12-01,IDR, GMM 
0.0,2023-12-01,IDR, GMM 
0.0,2023-12-01,IDR, GMM 
9000000.0,2023-12-01,IDR, GMM 
1000000.0,2023-12-01,IDR, GMM 
1800000.0,2023-12-01,IDR, GMM 
1000000.0,2023-12-01,IDR, GMM 
1500000.0,2023-12-01,IDR, GMM 
0.0,2023-12-01,IDR, GMM 
1676000.0,2023-12-01,IDR, GMM 
1000000.0,2023-12-01,IDR, GMM 
2000000.0,2023-12-01,IDR, GMM 
2700000.0,2023-12-01,IDR, GMM 
0.0,2023-12-01,IDR, GMM 
2295000.0,2023-12-01,IDR, GMM 
7500000.0,2023-12-01,IDR, GMM 
0.0,2023-12-01,IDR, GMM 
2000000.0,2023-12-01,IDR, GMM 
1800000.0,2023-12-01,IDR, GMM 
6000000.0,2023-12-01,IDR, GMM 
1000000.0,2023-12-01,IDR, GMM 
9000000.0,2023-12-01,IDR, GMM 
6000000.0,2023-12-01,IDR, GMM 
2000000.0,2023-12-01,IDR, GMM 
1400000.0,2023-12-01,IDR, GMM 
7500000.0,2023-12-01,IDR, GMM 
2000000.0,2023-12-01,IDR, GMM 
6000000.0,2023-12-01,IDR, GMM 
3000000.0,2023-12-01,IDR, GMM 
10000000.0,2023-12-01,IDR, GMM 
2000000.0,2023-12-01,IDR, GMM 
1000000.0,2023-12-01,IDR, GMM 
3000000.0,2023-12-01,IDR, GMM 
0.0,2023-12-01,IDR, GMM 
4000000.0,2023-12-01,IDR, GMM 
2000000.0,2023-12-01,IDR, GMM 
0.0,2023-12-01,IDR, GMM 
10400000.0,2023-12-01,IDR, GMM 
2000000.0,2023-12-01,IDR, GMM 
1400000.0,2023-12-01,IDR, GMM 
1200000.0,2023-12-01,IDR, GMM 
4500000.0,2023-12-01,IDR, GMM 
2326483.134,2023-12-01,IDR, GMM 
3000000.0,2023-12-01,IDR, GMM 
4000000.0,2023-12-01,IDR, GMM 
0.0,2023-12-01,IDR, GMM 
3000000.0,2023-12-01,IDR, GMM 
1000000.0,2023-12-01,IDR, GMM 
1000000.0,2023-12-01,IDR, GMM 
10000000.0,2023-12-01,IDR, GMM 
3000000.0,2023-12-01,IDR, GMM 
1000000.0,2023-12-01,IDR, GMM 
0.0,2023-12-01,IDR, GMM 
3000000.0,2023-12-01,IDR, GMM 
2600000.0,2023-12-01,IDR, GMM 
3000000.0,2023-12-01,IDR, GMM 
3000000.0,2023-12-01,IDR, GMM 
0.0,2023-12-01,IDR, GMM 
3600000.0,2023-12-01,IDR, GMM 
2000000.0,2023-12-01,IDR, GMM 
1000000.0,2023-12-01,IDR, GMM 
6068000.0,2023-12-01,IDR, GMM 
3300000.0,2023-12-01,IDR, GMM 
8000000.0,2023-12-01,IDR, GMM 
3600000.0,2023-12-01,IDR, GMM 
1706484.642,2023-12-01,IDR, GMM 
2142551.064,2023-12-01,IDR, GMM 
6279927.784,2023-12-01,IDR, GMM 
6279927.784,2023-12-01,IDR, GMM 
6279927.784,2023-12-01,IDR, GMM 
6279927.784,2023-12-01,IDR, GMM 
6279927.784,2023-12-01,IDR, GMM 
2000000.0,2023-12-01,IDR, GMM 
3000000.0,2023-12-01,IDR, GMM 
1800000.0,2023-12-01,IDR, GMM 
6000000.0,2023-12-01,IDR, GMM 
3600000.0,2023-12-01,IDR, GMM 
12000000.0,2023-12-01,IDR, GMM 
59200000.0,2023-12-01,IDR, GMM 
26400000.0,2023-12-01,IDR, GMM 
3000000.0,2023-12-01,IDR, GMM 
0.0,2023-12-01,IDR, GMM 
3900000.0,2023-12-01,IDR, GMM 
6000000.0,2023-12-01,IDR, GMM 
1000000.0,2023-12-01,IDR, GMM 
10400000.0,2023-12-01,IDR, GMM 
3000000.0,2023-12-01,IDR, GMM 
3000000.0,2023-12-01,IDR, GMM 
0.0,2023-12-01,IDR, GMM 
3000000.0,2023-12-01,IDR, GMM 
3000000.0,2023-12-01,IDR, GMM 
10500000.0,2023-12-01,IDR, GMM 
2000000.0,2023-12-01,IDR, GMM 
3000000.0,2023-12-01,IDR, GMM 
6000000.0,2023-12-01,IDR, GMM 
0.0,2023-12-01,IDR, GMM 
2400000.0,2023-12-01,IDR, GMM 
2000000.0,2023-12-01,IDR, GMM 
2000000.0,2023-12-01,IDR, GMM 
10060200.0,2023-12-01,IDR, GMM 
4500000.0,2023-12-01,IDR, GMM 
1268000.0,2023-12-01,IDR, GMM 
2400000.0,2023-12-01,IDR, GMM 
0.0,2023-12-01,IDR, GMM 
1000000.0,2023-12-01,IDR, GMM 
6000000.0,2023-12-01,IDR, GMM 
4362000.0,2023-12-01,IDR, GMM 
2200000.0,2023-12-01,IDR, GMM 
6000000.0,2023-12-01,IDR, GMM 
0.0,2023-12-01,IDR, GMM 
4000000.0,2023-12-01,IDR, GMM 
5000000.0,2023-12-01,IDR, GMM 
4000000.0,2023-12-01,IDR, GMM 
0.0,2023-12-01,IDR, GMM 
5000000.0,2023-12-01,IDR, GMM 
1200000.0,2023-12-01,IDR, GMM 
3000000.0,2023-12-01,IDR, GMM 
5000000.0,2023-12-01,IDR, GMM 
5000000.0,2023-12-01,IDR, GMM 
2000000.0,2023-12-01,IDR, GMM 
1000000.0,2023-12-01,IDR, GMM 
2000000.0,2023-12-01,IDR, GMM 
3200000.0,2023-12-01,IDR, GMM 
3420000.0,2023-12-01,IDR, GMM 
1000000.0,2023-12-01,IDR, GMM 
4000000.0,2023-12-01,IDR, GMM 
2000000.0,2023-12-01,IDR, GMM 
20000000.0,2023-12-01,IDR, GMM 
2600000.0,2023-12-01,IDR, GMM 
10000000.0,2023-12-01,IDR, GMM 
10000000.0,2023-12-01,IDR, GMM 
2000000.0,2023-12-01,IDR, GMM 
2000000.0,2023-12-01,IDR, GMM 
5000000.0,2023-12-01,IDR, GMM 
5000000.0,2023-12-01,IDR, GMM 
8000000.0,2023-12-01,IDR, GMM 
4000000.0,2023-12-01,IDR, GMM 
20000000.0,2023-12-01,IDR, GMM 
1000000.0,2023-12-01,IDR, GMM 
5000000.0,2023-12-01,IDR, GMM 
1878000.0,2023-12-01,IDR, GMM 
2000000.0,2023-12-01,IDR, GMM 
4000000.0,2023-12-01,IDR, GMM 
8000000.0,2023-12-01,IDR, GMM 
0.0,2023-12-01,IDR, GMM 
0.0,2023-12-01,IDR, GMM 
4000000.0,2023-12-01,IDR, GMM 
3400000.0,2023-12-01,IDR, GMM 
4000000.0,2023-12-01,IDR, GMM 
4027829.4,2023-12-01,IDR, GMM 
1200000.0,2023-12-01,IDR, GMM 
2020000.0,2023-12-01,IDR, GMM 
5000000.0,2023-12-01,IDR, GMM 
2400000.0,2023-12-01,IDR, GMM 
6000000.0,2023-12-01,IDR, GMM 
3000000.0,2023-12-01,IDR, GMM 
0.0,2023-12-01,IDR, GMM 
12000000.0,2023-12-01,IDR, GMM 
1200000.0,2023-12-01,IDR, GMM 
0.0,2023-12-01,IDR, GMM 
1500000.0,2023-12-01,IDR, GMM 
10000000.0,2023-12-01,IDR, GMM 
2000000.0,2023-12-01,IDR, GMM 
2000000.0,2023-12-01,IDR, GMM 
1500000.0,2023-12-01,IDR, GMM 
0.0,2023-12-01,IDR, GMM 
24000000.0,2023-12-01,IDR, GMM 
3600000.0,2023-12-01,IDR, GMM 
8000000.0,2023-12-01,IDR, GMM 
11168975.0,2023-12-01,IDR, GMM 
31279060.0,2023-12-01,IDR, GMM 
5994030.0,2023-12-01,IDR, GMM 
9192850.0,2023-12-01,IDR, GMM 
0.0,2023-12-01,IDR, GMM 
9457450.0,2023-12-01,IDR, GMM 
0.0,2023-12-01,IDR, GMM 
0.0,2023-12-01,IDR, GMM 
24456750.0,2023-12-01,IDR, GMM 
0.0,2023-12-01,IDR, GMM 
5197887.0,2023-12-01,IDR, GMM 
0.0,2023-12-01,IDR, GMM 
0.0,2023-12-01,IDR, GMM 
27736500.0,2023-12-01,IDR, GMM 
51827500.0,2023-12-01,IDR, GMM 
15432300.0,2023-12-01,IDR, GMM 
7769550.0,2023-12-01,IDR, GMM 
29152464.0,2023-12-01,IDR, GMM 
23780250.0,2023-12-01,IDR, GMM 
10490400.0,2023-12-01,IDR, GMM 
9483100.0,2023-12-01,IDR, GMM 
0.0,2023-12-01,IDR, GMM 
0.0,2023-12-01,IDR, GMM 
0.0,2023-12-01,IDR, GMM 
18576300.0,2023-12-01,IDR, GMM 
9151150.0,2023-12-01,IDR, GMM 
0.0,2023-12-01,IDR, GMM 
0.0,2023-12-01,IDR, GMM 
0.0,2023-12-01,IDR, GMM 
0.0,2023-12-01,IDR, GMM 
0.0,2023-12-01,IDR, GMM 
3714400.0,2023-12-01,IDR, GMM 
0.0,2023-12-01,IDR, GMM 
6894600.0,2023-12-01,IDR, GMM 
0.0,2023-12-01,IDR, GMM 
0.0,2023-12-01,IDR, GMM 
0.0,2023-12-01,IDR, GMM 
0.0,2023-12-01,IDR, GMM 
0.0,2023-12-01,IDR, GMM 
2704080.0,2023-12-01,IDR, GMM 
0.0,2023-12-01,IDR, GMM 
0.0,2023-12-01,IDR, GMM 
0.0,2023-12-01,IDR, GMM 
0.0,2023-12-01,IDR, GMM 
0.0,2023-12-01,IDR, GMM 
11941405.0,2023-12-01,IDR, GMM 
0.0,2023-12-01,IDR, GMM 
0.0,2023-12-01,IDR, GMM 
0.0,2023-12-01,IDR, GMM 
0.0,2023-12-01,IDR, GMM 
5810520.0,2023-12-01,IDR, GMM 
17994000.0,2023-12-01,IDR, GMM 
0.0,2023-12-01,IDR, GMM 
0.0,2023-12-01,IDR, GMM 
0.0,2023-12-01,IDR, GMM 
0.0,2023-12-01,IDR, GMM 
7424010.0,2023-12-01,IDR, GMM 
40536500.0,2023-12-01,IDR, GMM 
0.0,2023-12-01,IDR, GMM 
0.0,2023-12-01,IDR, GMM 
0.0,2023-12-01,IDR, GMM 
24872000.0,2023-12-01,IDR, GMM 
0.0,2023-12-01,IDR, GMM 
0.0,2023-12-01,IDR, GMM 
0.0,2023-12-01,IDR, GMM 
0.0,2023-12-01,IDR, GMM 
0.0,2023-12-01,IDR, GMM 
0.0,2023-12-01,IDR, GMM 
0.0,2023-12-01,IDR, GMM 
0.0,2023-12-01,IDR, GMM 
0.0,2023-12-01,IDR, GMM 
0.0,2023-12-01,IDR, GMM 
0.0,2023-12-01,IDR, GMM 
0.0,2023-12-01,IDR, GMM 
0.0,2023-12-01,IDR, GMM 
15011730.0,2023-12-01,IDR, GMM 
15114720.0,2023-12-01,IDR, GMM 
11186175.0,2023-12-01,IDR, GMM 
0.0,2023-12-01,IDR, GMM 
0.0,2023-12-01,IDR, GMM 
3262400.0,2023-12-01,IDR, GMM 
0.0,2023-12-01,IDR, GMM 
0.0,2023-12-01,IDR, GMM 
0.0,2023-12-01,IDR, GMM 
0.0,2023-12-01,IDR, GMM 
3114000.0,2023-12-01,IDR, GMM 
0.0,2023-12-01,IDR, GMM 
0.0,2023-12-01,IDR, GMM 
0.0,2023-12-01,IDR, GMM 
0.0,2023-12-01,IDR, GMM 
0.0,2023-12-01,IDR, GMM 
0.0,2023-12-01,IDR, GMM 
0.0,2023-12-01,IDR, GMM 
0.0,2023-12-01,IDR, GMM 
0.0,2023-12-01,IDR, GMM 
0.0,2023-12-01,IDR, GMM 
0.0,2023-12-01,IDR, GMM 
0.0,2023-12-01,IDR, GMM 
0.0,2023-12-01,IDR, GMM 
0.0,2023-12-01,IDR, GMM 
0.0,2023-12-01,IDR, GMM 
0.0,2023-12-01,IDR, GMM 
0.0,2023-12-01,IDR, GMM 
0.0,2023-12-01,IDR, GMM 
0.0,2023-12-01,IDR, GMM 
6366800.0,2023-12-01,IDR, GMM 
0.0,2023-12-01,IDR, GMM 
0.0,2023-12-01,IDR, GMM 
0.0,2023-12-01,IDR, GMM 
0.0,2023-12-01,IDR, GMM 
0.0,2023-12-01,IDR, GMM 
0.0,2023-12-01,IDR, GMM 
0.0,2023-12-01,IDR, GMM 
13350000.0,2023-12-01,IDR, GMM 
0.0,2023-12-01,IDR, GMM 
2978900.0,2023-12-01,IDR, GMM 
2981800.0,2023-12-01,IDR, GMM 
2627200.0,2023-12-01,IDR, GMM 
0.0,2023-12-01,IDR, GMM 
0.0,2023-12-01,IDR, GMM 
0.0,2023-12-01,IDR, GMM 
0.0,2023-12-01,IDR, GMM 
0.0,2023-12-01,IDR, GMM 
6142610.0,2023-12-01,IDR, GMM 
0.0,2023-12-01,IDR, GMM 
0.0,2023-12-01,IDR, GMM 
0.0,2023-12-01,IDR, GMM 
0.0,2023-12-01,IDR, GMM 
0.0,2023-12-01,IDR, GMM 
0.0,2023-12-01,IDR, GMM 
0.0,2023-12-01,IDR, GMM 
0.0,2023-12-01,IDR, GMM 
0.0,2023-12-01,IDR, GMM 
0.0,2023-12-01,IDR, GMM 
0.0,2023-12-01,IDR, GMM 
0.0,2023-12-01,IDR, GMM 
0.0,2023-12-01,IDR, GMM 
0.0,2023-12-01,IDR, GMM 
0.0,2023-12-01,IDR, GMM 
0.0,2023-12-01,IDR, GMM 
0.0,2023-12-01,IDR, GMM 
1862200.0,2023-12-01,IDR, GMM 
0.0,2023-12-01,IDR, GMM 
0.0,2023-12-01,IDR, GMM 
0.0,2023-12-01,IDR, GMM 
0.0,2023-12-01,IDR, GMM 
0.0,2023-12-01,IDR, GMM 
0.0,2023-12-01,IDR, GMM 
0.0,2023-12-01,IDR, GMM 
0.0,2023-12-01,IDR, GMM 
0.0,2023-12-01,IDR, GMM 
0.0,2023-12-01,IDR, GMM 
0.0,2023-12-01,IDR, GMM 
0.0,2023-12-01,IDR, GMM 
0.0,2023-12-01,IDR, GMM 
0.0,2023-12-01,IDR, GMM 
0.0,2023-12-01,IDR, GMM 
0.0,2023-12-01,IDR, GMM 
0.0,2023-12-01,IDR, GMM 
0.0,2023-12-01,IDR, GMM 
0.0,2023-12-01,IDR, GMM 
0.0,2023-12-01,IDR, GMM 
0.0,2023-12-01,IDR, GMM 
0.0,2023-12-01,IDR, GMM 
0.0,2023-12-01,IDR, GMM 
0.0,2023-12-01,IDR, GMM 
0.0,2023-12-01,IDR, GMM 
0.0,2023-12-01,IDR, GMM 
0.0,2023-12-01,IDR, GMM 
0.0,2023-12-01,IDR, GMM 
0.0,2023-12-01,IDR, GMM 
0.0,2023-12-01,IDR, GMM 
0.0,2023-12-01,IDR, GMM 
0.0,2023-12-01,IDR, GMM 
0.0,2023-12-01,IDR, GMM 
0.0,2023-12-01,IDR, GMM 
4292092.0,2023-12-01,IDR, GMM 
0.0,2023-12-01,IDR, GMM 
2223100.0,2023-12-01,IDR, GMM 
0.0,2023-12-01,IDR, GMM 
0.0,2023-12-01,IDR, GMM 
0.0,2023-12-01,IDR, GMM 
907600.0,2023-12-01,IDR, GMM 
2223600.0,2023-12-01,IDR, GMM 
1694500.0,2023-12-01,IDR, GMM 
0.0,2023-12-01,IDR, GMM 
0.0,2023-12-01,IDR, GMM 
0.0,2023-12-01,IDR, GMM 
0.0,2023-12-01,IDR, GMM 
14425350.0,2023-12-01,IDR, GMM 
9590400.0,2023-12-01,IDR, GMM 
0.0,2023-12-01,IDR, GMM 
11259675.0,2023-12-01,IDR, GMM 
10851782.5,2023-12-01,IDR, GMM 
0.0,2023-12-01,IDR, GMM 
0.0,2023-12-01,IDR, GMM 
0.0,2023-12-01,IDR, GMM 
0.0,2023-12-01,IDR, GMM 
21194400.0,2023-12-01,IDR, GMM 
0.0,2023-12-01,IDR, GMM 
8454250.0,2023-12-01,IDR, GMM 
0.0,2023-12-01,IDR, GMM 
0.0,2023-12-01,IDR, GMM 
5027100.0,2023-12-01,IDR, GMM 
17101000.0,2023-12-01,IDR, GMM 
10426050.0,2023-12-01,IDR, GMM 
22401950.0,2023-12-01,IDR, GMM 
9544900.0,2023-12-01,IDR, GMM 
0.0,2023-12-01,IDR, GMM 
6797900.0,2023-12-01,IDR, GMM 
19862000.0,2023-12-01,IDR, GMM 
10745850.0,2023-12-01,IDR, GMM 
13316160.0,2023-12-01,IDR, GMM 
7729200.0,2023-12-01,IDR, GMM 
9614900.0,2023-12-01,IDR, GMM 
4305780.0,2023-12-01,IDR, GMM 
0.0,2023-12-01,IDR, GMM 
0.0,2023-12-01,IDR, GMM 
20559250.0,2023-12-01,IDR, GMM 
0.0,2023-12-01,IDR, GMM 
21382000.0,2023-12-01,IDR, GMM 
20108400.0,2023-12-01,IDR, GMM 
34241700.0,2023-12-01,IDR, GMM 
0.0,2023-12-01,IDR, GMM 
4912450.0,2023-12-01,IDR, GMM 
10507650.0,2023-12-01,IDR, GMM 
0.0,2023-12-01,IDR, GMM 
0.0,2023-12-01,IDR, GMM 
0.0,2023-12-01,IDR, GMM 
12097017.5,2023-12-01,IDR, GMM 
10524000.0,2023-12-01,IDR, GMM 
19848400.0,2023-12-01,IDR, GMM 
24420750.0,2023-12-01,IDR, GMM 
0.0,2023-12-01,IDR, GMM 
6740562.5,2023-12-01,IDR, GMM 
0.0,2023-12-01,IDR, GMM 
0.0,2023-12-01,IDR, GMM 
0.0,2023-12-01,IDR, GMM 
0.0,2023-12-01,IDR, GMM 
0.0,2023-12-01,IDR, GMM 
0.0,2023-12-01,IDR, GMM 
4171350.0,2023-12-01,IDR, GMM 
0.0,2023-12-01,IDR, GMM 
0.0,2023-12-01,IDR, GMM 
0.0,2023-12-01,IDR, GMM 
0.0,2023-12-01,IDR, GMM 
0.0,2023-12-01,IDR, GMM 
0.0,2023-12-01,IDR, GMM 
0.0,2023-12-01,IDR, GMM 
0.0,2023-12-01,IDR, GMM 
0.0,2023-12-01,IDR, GMM 
3333820.0,2023-12-01,IDR, GMM 
2996240.0,2023-12-01,IDR, GMM 
3973900.0,2023-12-01,IDR, GMM 
3331020.0,2023-12-01,IDR, GMM 
0.0,2023-12-01,IDR, GMM 
0.0,2023-12-01,IDR, GMM 
0.0,2023-12-01,IDR, GMM 
0.0,2023-12-01,IDR, GMM 
0.0,2023-12-01,IDR, GMM 
0.0,2023-12-01,IDR, GMM 
0.0,2023-12-01,IDR, GMM 
0.0,2023-12-01,IDR, GMM 
0.0,2023-12-01,IDR, GMM 
0.0,2023-12-01,IDR, GMM 
0.0,2023-12-01,IDR, GMM 
0.0,2023-12-01,IDR, GMM 
0.0,2023-12-01,IDR, GMM 
7775700.0,2023-12-01,IDR, GMM 
0.0,2023-12-01,IDR, GMM 
0.0,2023-12-01,IDR, GMM 
0.0,2023-12-01,IDR, GMM 
0.0,2023-12-01,IDR, GMM 
0.0,2023-12-01,IDR, GMM 
2314900.0,2023-12-01,IDR, GMM 
0.0,2023-12-01,IDR, GMM 
0.0,2023-12-01,IDR, GMM 
0.0,2023-12-01,IDR, GMM 
0.0,2023-12-01,IDR, GMM 
0.0,2023-12-01,IDR, GMM 
6948160.0,2023-12-01,IDR, GMM 
0.0,2023-12-01,IDR, GMM 
0.0,2023-12-01,IDR, GMM 
0.0,2023-12-01,IDR, GMM 
0.0,2023-12-01,IDR, GMM 
0.0,2023-12-01,IDR, GMM 
0.0,2023-12-01,IDR, GMM 
0.0,2023-12-01,IDR, GMM 
0.0,2023-12-01,IDR, GMM 
0.0,2023-12-01,IDR, GMM 
0.0,2023-12-01,IDR, GMM 
0.0,2023-12-01,IDR, GMM 
0.0,2023-12-01,IDR, GMM 
0.0,2023-12-01,IDR, GMM 
0.0,2023-12-01,IDR, GMM 
0.0,2023-12-01,IDR, GMM 
0.0,2023-12-01,IDR, GMM 
0.0,2023-12-01,IDR, GMM 
0.0,2023-12-01,IDR, GMM 
0.0,2023-12-01,IDR, GMM 
0.0,2023-12-01,IDR, GMM 
0.0,2023-12-01,IDR, GMM 
0.0,2023-12-01,IDR, GMM 
0.0,2023-12-01,IDR, GMM 
0.0,2023-12-01,IDR, GMM 
0.0,2023-12-01,IDR, GMM 
0.0,2023-12-01,IDR, GMM 
0.0,2023-12-01,IDR, GMM 
0.0,2023-12-01,IDR, GMM 
0.0,2023-12-01,IDR, GMM 
0.0,2023-12-01,IDR, GMM 
0.0,2023-12-01,IDR, GMM 
0.0,2023-12-01,IDR, GMM 
0.0,2023-12-01,IDR, GMM 
0.0,2023-12-01,IDR, GMM 
0.0,2023-12-01,IDR, GMM 
0.0,2023-12-01,IDR, GMM 
0.0,2023-12-01,IDR, GMM 
0.0,2023-12-01,IDR, GMM 
0.0,2023-12-01,IDR, GMM 
0.0,2023-12-01,IDR, GMM 
0.0,2023-12-01,IDR, GMM 
0.0,2023-12-01,IDR, GMM 
0.0,2023-12-01,IDR, GMM 
0.0,2023-12-01,IDR, GMM 
0.0,2023-12-01,IDR, GMM 
0.0,2023-12-01,IDR, GMM 
0.0,2023-12-01,IDR, GMM 
0.0,2023-12-01,IDR, GMM 
0.0,2023-12-01,IDR, GMM 
0.0,2023-12-01,IDR, GMM 
0.0,2023-12-01,IDR, GMM 
0.0,2023-12-01,IDR, GMM 
0.0,2023-12-01,IDR, GMM 
0.0,2023-12-01,IDR, GMM 
0.0,2023-12-01,IDR, GMM 
0.0,2023-12-01,IDR, GMM 
0.0,2023-12-01,IDR, GMM 
0.0,2023-12-01,IDR, GMM 
0.0,2023-12-01,IDR, GMM 
0.0,2023-12-01,IDR, GMM 
0.0,2023-12-01,IDR, GMM 
0.0,2023-12-01,IDR, GMM 
0.0,2023-12-01,IDR, GMM 
0.0,2023-12-01,IDR, GMM 
0.0,2023-12-01,IDR, GMM 
0.0,2023-12-01,IDR, GMM 
0.0,2023-12-01,IDR, GMM 
0.0,2023-12-01,IDR, GMM 
0.0,2023-12-01,IDR, GMM 
0.0,2023-12-01,IDR, GMM 
0.0,2023-12-01,IDR, GMM 
0.0,2023-12-01,IDR, GMM 
0.0,2023-12-01,IDR, GMM 
0.0,2023-12-01,IDR, GMM 
0.0,2023-12-01,IDR, GMM 
0.0,2023-12-01,IDR, GMM 
0.0,2023-12-01,IDR, GMM 
0.0,2023-12-01,IDR, GMM 
0.0,2023-12-01,IDR, GMM 
0.0,2023-12-01,IDR, GMM 
0.0,2023-12-01,IDR, GMM 
0.0,2023-12-01,IDR, GMM 
0.0,2023-12-01,IDR, GMM 
0.0,2023-12-01,IDR, GMM 
0.0,2023-12-01,IDR, GMM 
0.0,2023-12-01,IDR, GMM 
0.0,2023-12-01,IDR, GMM 
0.0,2023-12-01,IDR, GMM 
0.0,2023-12-01,IDR, GMM 
0.0,2023-12-01,IDR, GMM 
0.0,2023-12-01,IDR, GMM 
0.0,2023-12-01,IDR, GMM 
0.0,2023-12-01,IDR, GMM 
0.0,2023-12-01,IDR, GMM 
0.0,2023-12-01,IDR, GMM 
0.0,2023-12-01,IDR, GMM 
0.0,2023-12-01,IDR, GMM 
0.0,2023-12-01,IDR, GMM 
0.0,2023-12-01,IDR, GMM 
0.0,2023-12-01,IDR, GMM 
0.0,2023-12-01,IDR, GMM 
0.0,2023-12-01,IDR, GMM 
0.0,2023-12-01,IDR, GMM 
0.0,2023-12-01,IDR, GMM 
0.0,2023-12-01,IDR, GMM 
0.0,2023-12-01,IDR, GMM 
0.0,2023-12-01,IDR, GMM 
0.0,2023-12-01,IDR, GMM 
0.0,2023-12-01,IDR, GMM 
0.0,2023-12-01,IDR, GMM 
0.0,2023-12-01,IDR, GMM 
0.0,2023-12-01,IDR, GMM 
0.0,2023-12-01,IDR, GMM 
0.0,2023-12-01,IDR, GMM 
0.0,2023-12-01,IDR, GMM 
0.0,2023-12-01,IDR, GMM 
0.0,2023-12-01,IDR, GMM 
0.0,2023-12-01,IDR, GMM 
0.0,2023-12-01,IDR, GMM 
0.0,2023-12-01,IDR, GMM 
0.0,2023-12-01,IDR, GMM 
0.0,2023-12-01,IDR, GMM 
0.0,2023-12-01,IDR, GMM 
0.0,2023-12-01,IDR, GMM 
0.0,2023-12-01,IDR, GMM 
0.0,2023-12-01,IDR, GMM 
0.0,2023-12-01,IDR, GMM 
0.0,2023-12-01,IDR, GMM 
0.0,2023-12-01,IDR, GMM 
0.0,2023-12-01,IDR, GMM 
0.0,2023-12-01,IDR, GMM 
0.0,2023-12-01,IDR, GMM 
0.0,2023-12-01,IDR, GMM 
0.0,2023-12-01,IDR, GMM 
0.0,2023-12-01,IDR, GMM 
0.0,2023-12-01,IDR, GMM 
0.0,2023-12-01,IDR, GMM 
0.0,2023-12-01,IDR, GMM 
0.0,2023-12-01,IDR, GMM 
0.0,2023-12-01,IDR, GMM 
0.0,2023-12-01,IDR, GMM 
0.0,2023-12-01,IDR, GMM 
0.0,2023-12-01,IDR, GMM 
4344800.0,2023-12-01,IDR, GMM 
0.0,2023-12-01,IDR, GMM 
0.0,2023-12-01,IDR, GMM 
0.0,2023-12-01,IDR, GMM 
0.0,2023-12-01,IDR, GMM 
0.0,2023-12-01,IDR, GMM 
0.0,2023-12-01,IDR, GMM 
0.0,2023-12-01,IDR, GMM 
0.0,2023-12-01,IDR, GMM 
0.0,2023-12-01,IDR, GMM 
0.0,2023-12-01,IDR, GMM 
0.0,2023-12-01,IDR, GMM 
0.0,2023-12-01,IDR, GMM 
0.0,2023-12-01,IDR, GMM 
0.0,2023-12-01,IDR, GMM 
0.0,2023-12-01,IDR, GMM 
0.0,2023-12-01,IDR, GMM 
0.0,2023-12-01,IDR, GMM 
0.0,2023-12-01,IDR, GMM 
0.0,2023-12-01,IDR, GMM 
0.0,2023-12-01,IDR, GMM 
0.0,2023-12-01,IDR, GMM 
0.0,2023-12-01,IDR, GMM 
0.0,2023-12-01,IDR, GMM 
0.0,2023-12-01,IDR, GMM 
0.0,2023-12-01,IDR, GMM 
0.0,2023-12-01,IDR, GMM 
0.0,2023-12-01,IDR, GMM 
0.0,2023-12-01,IDR, GMM 
0.0,2023-12-01,IDR, GMM 
0.0,2023-12-01,IDR, GMM 
0.0,2023-12-01,IDR, GMM 
0.0,2023-12-01,IDR, GMM 
0.0,2023-12-01,IDR, GMM 
0.0,2023-12-01,IDR, GMM 
0.0,2023-12-01,IDR, GMM 
0.0,2023-12-01,IDR, GMM 
0.0,2023-12-01,IDR, GMM 
0.0,2023-12-01,IDR, GMM 
0.0,2023-12-01,IDR, GMM 
0.0,2023-12-01,IDR, GMM 
0.0,2023-12-01,IDR, GMM 
0.0,2023-12-01,IDR, GMM 
0.0,2023-12-01,IDR, GMM 
0.0,2023-12-01,IDR, GMM 
0.0,2023-12-01,IDR, GMM 
0.0,2023-12-01,IDR, GMM 
0.0,2023-12-01,IDR, GMM 
0.0,2023-12-01,IDR, GMM 
0.0,2023-12-01,IDR, GMM 
0.0,2023-12-01,IDR, GMM 
4348160.0,2023-12-01,IDR, GMM 
4347360.0,2023-12-01,IDR, GMM 
0.0,2023-12-01,IDR, GMM 
0.0,2023-12-01,IDR, GMM 
0.0,2023-12-01,IDR, GMM 
0.0,2023-12-01,IDR, GMM 
0.0,2023-12-01,IDR, GMM 
0.0,2023-12-01,IDR, GMM 
0.0,2023-12-01,IDR, GMM 
0.0,2023-12-01,IDR, GMM 
0.0,2023-12-01,IDR, GMM 
0.0,2023-12-01,IDR, GMM 
0.0,2023-12-01,IDR, GMM 
0.0,2023-12-01,IDR, GMM 
0.0,2023-12-01,IDR, GMM 
0.0,2023-12-01,IDR, GMM 
0.0,2023-12-01,IDR, GMM 
0.0,2023-12-01,IDR, GMM 
0.0,2023-12-01,IDR, GMM 
0.0,2023-12-01,IDR, GMM 
0.0,2023-12-01,IDR, GMM 
0.0,2023-12-01,IDR, GMM 
0.0,2023-12-01,IDR, GMM 
0.0,2023-12-01,IDR, GMM 
0.0,2023-12-01,IDR, GMM 
0.0,2023-12-01,IDR, GMM 
0.0,2023-12-01,IDR, GMM 
0.0,2023-12-01,IDR, GMM 
0.0,2023-12-01,IDR, GMM 
0.0,2023-12-01,IDR, GMM 
0.0,2023-12-01,IDR, GMM 
0.0,2023-12-01,IDR, GMM 
0.0,2023-12-01,IDR, GMM 
0.0,2023-12-01,IDR, GMM 
0.0,2023-12-01,IDR, GMM 
0.0,2023-12-01,IDR, GMM 
0.0,2023-12-01,IDR, GMM 
0.0,2023-12-01,IDR, GMM 
0.0,2023-12-01,IDR, GMM 
0.0,2023-12-01,IDR, GMM 
0.0,2023-12-01,IDR, GMM 
0.0,2023-12-01,IDR, GMM 
0.0,2023-12-01,IDR, GMM 
0.0,2023-12-01,IDR, GMM 
0.0,2023-12-01,IDR, GMM 
0.0,2023-12-01,IDR, GMM 
0.0,2023-12-01,IDR, GMM 
0.0,2023-12-01,IDR, GMM 
0.0,2023-12-01,IDR, GMM 
0.0,2023-12-01,IDR, GMM 
0.0,2023-12-01,IDR, GMM 
0.0,2023-12-01,IDR, GMM 
0.0,2023-12-01,IDR, GMM 
494050.0,2023-12-01,IDR, GMM 
0.0,2023-12-01,IDR, GMM 
490550.0,2023-12-01,IDR, GMM 
0.0,2023-12-01,IDR, GMM 
0.0,2023-12-01,IDR, GMM 
0.0,2023-12-01,IDR, GMM 
0.0,2023-12-01,IDR, GMM 
0.0,2023-12-01,IDR, GMM 
0.0,2023-12-01,IDR, GMM 
0.0,2023-12-01,IDR, GMM 
0.0,2023-12-01,IDR, GMM 
0.0,2023-12-01,IDR, GMM 
0.0,2023-12-01,IDR, GMM 
0.0,2023-12-01,IDR, GMM 
0.0,2023-12-01,IDR, GMM 
0.0,2023-12-01,IDR, GMM 
0.0,2023-12-01,IDR, GMM 
0.0,2023-12-01,IDR, GMM 
0.0,2023-12-01,IDR, GMM 
0.0,2023-12-01,IDR, GMM 
0.0,2023-12-01,IDR, GMM 
0.0,2023-12-01,IDR, GMM 
0.0,2023-12-01,IDR, GMM 
0.0,2023-12-01,IDR, GMM 
0.0,2023-12-01,IDR, GMM 
0.0,2023-12-01,IDR, GMM 
0.0,2023-12-01,IDR, GMM 
0.0,2023-12-01,IDR, GMM 
0.0,2023-12-01,IDR, GMM 
0.0,2023-12-01,IDR, GMM 
0.0,2023-12-01,IDR, GMM 
0.0,2023-12-01,IDR, GMM 
0.0,2023-12-01,IDR, GMM 
0.0,2023-12-01,IDR, GMM 
0.0,2023-12-01,IDR, GMM 
0.0,2023-12-01,IDR, GMM 
0.0,2023-12-01,IDR, GMM 
4345920.0,2023-12-01,IDR, GMM 
0.0,2023-12-01,IDR, GMM 
0.0,2023-12-01,IDR, GMM 
0.0,2023-12-01,IDR, GMM 
0.0,2023-12-01,IDR, GMM 
0.0,2023-12-01,IDR, GMM 
0.0,2023-12-01,IDR, GMM 
0.0,2023-12-01,IDR, GMM 
0.0,2023-12-01,IDR, GMM 
0.0,2023-12-01,IDR, GMM 
0.0,2023-12-01,IDR, GMM 
0.0,2023-12-01,IDR, GMM 
0.0,2023-12-01,IDR, GMM 
0.0,2023-12-01,IDR, GMM 
0.0,2023-12-01,IDR, GMM 
0.0,2023-12-01,IDR, GMM 
0.0,2023-12-01,IDR, GMM 
0.0,2023-12-01,IDR, GMM 
0.0,2023-12-01,IDR, GMM 
0.0,2023-12-01,IDR, GMM 
0.0,2023-12-01,IDR, GMM 
0.0,2023-12-01,IDR, GMM 
0.0,2023-12-01,IDR, GMM 
0.0,2023-12-01,IDR, GMM 
0.0,2023-12-01,IDR, GMM 
0.0,2023-12-01,IDR, GMM 
0.0,2023-12-01,IDR, GMM 
0.0,2023-12-01,IDR, GMM 
0.0,2023-12-01,IDR, GMM 
0.0,2023-12-01,IDR, GMM 
0.0,2023-12-01,IDR, GMM 
0.0,2023-12-01,IDR, GMM 
0.0,2023-12-01,IDR, GMM 
0.0,2023-12-01,IDR, GMM 
0.0,2023-12-01,IDR, GMM 
0.0,2023-12-01,IDR, GMM 
0.0,2023-12-01,IDR, GMM 
0.0,2023-12-01,IDR, GMM 
0.0,2023-12-01,IDR, GMM 
0.0,2023-12-01,IDR, GMM 
0.0,2023-12-01,IDR, GMM 
0.0,2023-12-01,IDR, GMM 
0.0,2023-12-01,IDR, GMM 
0.0,2023-12-01,IDR, GMM 
4321600.0,2023-12-01,IDR, GMM 
0.0,2023-12-01,IDR, GMM 
0.0,2023-12-01,IDR, GMM 
0.0,2023-12-01,IDR, GMM 
0.0,2023-12-01,IDR, GMM 
0.0,2023-12-01,IDR, GMM 
0.0,2023-12-01,IDR, GMM 
0.0,2023-12-01,IDR, GMM 
0.0,2023-12-01,IDR, GMM 
0.0,2023-12-01,IDR, GMM 
0.0,2023-12-01,IDR, GMM 
0.0,2023-12-01,IDR, GMM 
0.0,2023-12-01,IDR, GMM 
0.0,2023-12-01,IDR, GMM 
0.0,2023-12-01,IDR, GMM 
0.0,2023-12-01,IDR, GMM 
0.0,2023-12-01,IDR, GMM 
0.0,2023-12-01,IDR, GMM 
504240.0,2023-12-01,IDR, GMM 
617400.0,2023-12-01,IDR, GMM 
617400.0,2023-12-01,IDR, GMM 
527400.0,2023-12-01,IDR, GMM 
547800.0,2023-12-01,IDR, GMM 
474440.0,2023-12-01,IDR, GMM 
495684.0,2023-12-01,IDR, GMM 
504063.0,2023-12-01,IDR, GMM 
469220.0,2023-12-01,IDR, GMM 
476760.0,2023-12-01,IDR, GMM 
476760.0,2023-12-01,IDR, GMM 
476760.0,2023-12-01,IDR, GMM 
532200.0,2023-12-01,IDR, GMM 
466320.0,2023-12-01,IDR, GMM 
474440.0,2023-12-01,IDR, GMM 
474440.0,2023-12-01,IDR, GMM 
505800.0,2023-12-01,IDR, GMM 
486200.0,2023-12-01,IDR, GMM 
474440.0,2023-12-01,IDR, GMM 
506000.0,2023-12-01,IDR, GMM 
488724.0,2023-12-01,IDR, GMM 
497060.0,2023-12-01,IDR, GMM 
482560.0,2023-12-01,IDR, GMM 
475020.0,2023-12-01,IDR, GMM 
486640.0,2023-12-01,IDR, GMM 
481800.0,2023-12-01,IDR, GMM 
486200.0,2023-12-01,IDR, GMM 
474440.0,2023-12-01,IDR, GMM 
469220.0,2023-12-01,IDR, GMM 
471540.0,2023-12-01,IDR, GMM 
489603.0,2023-12-01,IDR, GMM 
495320.0,2023-12-01,IDR, GMM 
497374.0,2023-12-01,IDR, GMM 
473280.0,2023-12-01,IDR, GMM 
482560.0,2023-12-01,IDR, GMM 
547800.0,2023-12-01,IDR, GMM 
555100.0,2023-12-01,IDR, GMM 
474440.0,2023-12-01,IDR, GMM 
466320.0,2023-12-01,IDR, GMM 
506000.0,2023-12-01,IDR, GMM 
547950.0,2023-12-01,IDR, GMM 
500250.0,2023-12-01,IDR, GMM 
527400.0,2023-12-01,IDR, GMM 
603400.0,2023-12-01,IDR, GMM 
472716.5,2023-12-01,IDR, GMM 
504240.0,2023-12-01,IDR, GMM 
504240.0,2023-12-01,IDR, GMM 
471540.0,2023-12-01,IDR, GMM 
504240.0,2023-12-01,IDR, GMM 
486640.0,2023-12-01,IDR, GMM 
481280.0,2023-12-01,IDR, GMM 
507364.0,2023-12-01,IDR, GMM 
474440.0,2023-12-01,IDR, GMM 
495320.0,2023-12-01,IDR, GMM 
495320.0,2023-12-01,IDR, GMM 
493920.0,2023-12-01,IDR, GMM 
498818.0,2023-12-01,IDR, GMM 
474440.0,2023-12-01,IDR, GMM 
616000.0,2023-12-01,IDR, GMM 
473280.0,2023-12-01,IDR, GMM 
510600.0,2023-12-01,IDR, GMM 
553150.0,2023-12-01,IDR, GMM 
491400.0,2023-12-01,IDR, GMM 
534600.0,2023-12-01,IDR, GMM 
488724.0,2023-12-01,IDR, GMM 
609000.0,2023-12-01,IDR, GMM 
622300.0,2023-12-01,IDR, GMM 
486640.0,2023-12-01,IDR, GMM 
486685.0,2023-12-01,IDR, GMM 
487578.0,2023-12-01,IDR, GMM 
488940.0,2023-12-01,IDR, GMM 
486629.0,2023-12-01,IDR, GMM 
474440.0,2023-12-01,IDR, GMM 
514200.0,2023-12-01,IDR, GMM 
487620.0,2023-12-01,IDR, GMM 
476760.0,2023-12-01,IDR, GMM 
474440.0,2023-12-01,IDR, GMM 
486685.0,2023-12-01,IDR, GMM 
532200.0,2023-12-01,IDR, GMM 
528000.0,2023-12-01,IDR, GMM 
527400.0,2023-12-01,IDR, GMM 
506000.0,2023-12-01,IDR, GMM 
484100.0,2023-12-01,IDR, GMM 
487620.0,2023-12-01,IDR, GMM 
1886720.0,2023-12-01,IDR, GMM 
1869120.0,2023-12-01,IDR, GMM 
1874240.0,2023-12-01,IDR, GMM 
1869120.0,2023-12-01,IDR, GMM 
1888320.0,2023-12-01,IDR, GMM 
1899680.0,2023-12-01,IDR, GMM 
1883040.0,2023-12-01,IDR, GMM 
1897920.0,2023-12-01,IDR, GMM 
1874240.0,2023-12-01,IDR, GMM 
1884960.0,2023-12-01,IDR, GMM 
1869120.0,2023-12-01,IDR, GMM 
1852320.0,2023-12-01,IDR, GMM 
1900000.0,2023-12-01,IDR, GMM 
1858080.0,2023-12-01,IDR, GMM 
493920.0,2023-12-01,IDR, GMM 
486640.0,2023-12-01,IDR, GMM 
489603.0,2023-12-01,IDR, GMM 
506000.0,2023-12-01,IDR, GMM 
487620.0,2023-12-01,IDR, GMM 
488940.0,2023-12-01,IDR, GMM 
465740.0,2023-12-01,IDR, GMM 
473280.0,2023-12-01,IDR, GMM 
486629.0,2023-12-01,IDR, GMM 
476760.0,2023-12-01,IDR, GMM 
471540.0,2023-12-01,IDR, GMM 
488940.0,2023-12-01,IDR, GMM 
507870.0,2023-12-01,IDR, GMM 
486685.0,2023-12-01,IDR, GMM 
488455.0,2023-12-01,IDR, GMM 
482220.0,2023-12-01,IDR, GMM 
493920.0,2023-12-01,IDR, GMM 
486200.0,2023-12-01,IDR, GMM 
500250.0,2023-12-01,IDR, GMM 
2108520.0,2023-12-01,IDR, GMM 
2135340.0,2023-12-01,IDR, GMM 
469220.0,2023-12-01,IDR, GMM 
486685.0,2023-12-01,IDR, GMM 
494466.0,2023-12-01,IDR, GMM 
495320.0,2023-12-01,IDR, GMM 
486685.0,2023-12-01,IDR, GMM 
504240.0,2023-12-01,IDR, GMM 
486200.0,2023-12-01,IDR, GMM 
504063.0,2023-12-01,IDR, GMM 
489603.0,2023-12-01,IDR, GMM 
493580.0,2023-12-01,IDR, GMM 
466320.0,2023-12-01,IDR, GMM 
489603.0,2023-12-01,IDR, GMM 
487620.0,2023-12-01,IDR, GMM 
471540.0,2023-12-01,IDR, GMM 
504063.0,2023-12-01,IDR, GMM 
486629.0,2023-12-01,IDR, GMM 
469800.0,2023-12-01,IDR, GMM 
493920.0,2023-12-01,IDR, GMM 
493920.0,2023-12-01,IDR, GMM 
487620.0,2023-12-01,IDR, GMM 
499704.0,2023-12-01,IDR, GMM 
466320.0,2023-12-01,IDR, GMM 
488940.0,2023-12-01,IDR, GMM 
486640.0,2023-12-01,IDR, GMM 
501990.0,2023-12-01,IDR, GMM 
507870.0,2023-12-01,IDR, GMM 
507364.0,2023-12-01,IDR, GMM 
469800.0,2023-12-01,IDR, GMM 
488400.0,2023-12-01,IDR, GMM 
504063.0,2023-12-01,IDR, GMM 
3154140.0,2023-12-01,IDR, GMM 
3270960.0,2023-12-01,IDR, GMM 
486685.0,2023-12-01,IDR, GMM 
496512.0,2023-12-01,IDR, GMM 
493920.0,2023-12-01,IDR, GMM 
507870.0,2023-12-01,IDR, GMM 
473280.0,2023-12-01,IDR, GMM 
492240.0,2023-12-01,IDR, GMM 
505120.0,2023-12-01,IDR, GMM 
505120.0,2023-12-01,IDR, GMM 
486200.0,2023-12-01,IDR, GMM 
486685.0,2023-12-01,IDR, GMM 
495320.0,2023-12-01,IDR, GMM 
500250.0,2023-12-01,IDR, GMM 
471540.0,2023-12-01,IDR, GMM 
469220.0,2023-12-01,IDR, GMM 
489603.0,2023-12-01,IDR, GMM 
488940.0,2023-12-01,IDR, GMM 
9928600.0,2023-12-01,IDR, GMM 
0.0,2023-12-01,IDR, GMM 
0.0,2023-12-01,IDR, GMM 
0.0,2023-12-01,IDR, GMM 
0.0,2023-12-01,IDR, GMM 
0.0,2023-12-01,IDR, GMM 
0.0,2023-12-01,IDR, GMM 
0.0,2023-12-01,IDR, GMM 
0.0,2023-12-01,IDR, GMM 
0.0,2023-12-01,IDR, GMM 
0.0,2023-12-01,IDR, GMM 
0.0,2023-12-01,IDR, GMM 
0.0,2023-12-01,IDR, GMM 
0.0,2023-12-01,IDR, GMM 
0.0,2023-12-01,IDR, GMM 
0.0,2023-12-01,IDR, GMM 
0.0,2023-12-01,IDR, GMM 
0.0,2023-12-01,IDR, GMM 
0.0,2023-12-01,IDR, GMM 
4048400.0,2023-12-01,IDR, GMM 
10068000.0,2023-12-01,IDR, GMM 
0.0,2023-12-01,IDR, GMM 
4038400.0,2023-12-01,IDR, GMM 
0.0,2023-12-01,IDR, GMM 
4038400.0,2023-12-01,IDR, GMM 
4042400.0,2023-12-01,IDR, GMM 
0.0,2023-12-01,IDR, GMM 
3372555.42,2023-12-01,IDR, GMM 
4030000.0,2023-12-01,IDR, GMM 
4014600.0,2023-12-01,IDR, GMM 
5043750.0,2023-12-01,IDR, GMM 
0.0,2023-12-01,IDR, GMM 
0.0,2023-12-01,IDR, GMM 
0.0,2023-12-01,IDR, GMM 
0.0,2023-12-01,IDR, GMM 
0.0,2023-12-01,IDR, GMM 
0.0,2023-12-01,IDR, GMM 
0.0,2023-12-01,IDR, GMM 
0.0,2023-12-01,IDR, GMM 
0.0,2023-12-01,IDR, GMM 
0.0,2023-12-01,IDR, GMM 
0.0,2023-12-01,IDR, GMM 
0.0,2023-12-01,IDR, GMM 
0.0,2023-12-01,IDR, GMM 
0.0,2023-12-01,IDR, GMM 
0.0,2023-12-01,IDR, GMM 
0.0,2023-12-01,IDR, GMM 
0.0,2023-12-01,IDR, GMM 
0.0,2023-12-01,IDR, GMM 
8002650.0,2023-12-01,IDR, GMM 
9046950.0,2023-12-01,IDR, GMM 
0.0,2023-12-01,IDR, GMM 
2366730.0,2023-12-01,IDR, GMM 
0.0,2023-12-01,IDR, GMM 
0.0,2023-12-01,IDR, GMM 
0.0,2023-12-01,IDR, GMM 
0.0,2023-12-01,IDR, GMM 
0.0,2023-12-01,IDR, GMM 
0.0,2023-12-01,IDR, GMM 
0.0,2023-12-01,IDR, GMM 
0.0,2023-12-01,IDR, GMM 
0.0,2023-12-01,IDR, GMM 
0.0,2023-12-01,IDR, GMM 
0.0,2023-12-01,IDR, GMM 
0.0,2023-12-01,IDR, GMM 
0.0,2023-12-01,IDR, GMM 
0.0,2023-12-01,IDR, GMM 
0.0,2023-12-01,IDR, GMM 
0.0,2023-12-01,IDR, GMM 
0.0,2023-12-01,IDR, GMM 
0.0,2023-12-01,IDR, GMM 
0.0,2023-12-01,IDR, GMM 
0.0,2023-12-01,IDR, GMM 
0.0,2023-12-01,IDR, GMM 
0.0,2023-12-01,IDR, GMM 
0.0,2023-12-01,IDR, GMM 
0.0,2023-12-01,IDR, GMM 
0.0,2023-12-01,IDR, GMM 
0.0,2023-12-01,IDR, GMM 
0.0,2023-12-01,IDR, GMM 
0.0,2023-12-01,IDR, GMM 
0.0,2023-12-01,IDR, GMM 
0.0,2023-12-01,IDR, GMM 
0.0,2023-12-01,IDR, GMM 
0.0,2023-12-01,IDR, GMM 
0.0,2023-12-01,IDR, GMM 
0.0,2023-12-01,IDR, GMM 
0.0,2023-12-01,IDR, GMM 
0.0,2023-12-01,IDR, GMM 
0.0,2023-12-01,IDR, GMM 
0.0,2023-12-01,IDR, GMM 
0.0,2023-12-01,IDR, GMM 
0.0,2023-12-01,IDR, GMM 
0.0,2023-12-01,IDR, GMM 
0.0,2023-12-01,IDR, GMM 
0.0,2023-12-01,IDR, GMM 
0.0,2023-12-01,IDR, GMM 
820260.0,2023-12-01,IDR, GMM 
0.0,2023-12-01,IDR, GMM 
0.0,2023-12-01,IDR, GMM 
0.0,2023-12-01,IDR, GMM 
7544200.0,2023-12-01,IDR, GMM 
6741800.0,2023-12-01,IDR, GMM 
14680200.0,2023-12-01,IDR, GMM 
0.0,2023-12-01,IDR, GMM 
0.0,2023-12-01,IDR, GMM 
0.0,2023-12-01,IDR, GMM 
0.0,2023-12-01,IDR, GMM 
0.0,2023-12-01,IDR, GMM 
0.0,2023-12-01,IDR, GMM 
0.0,2023-12-01,IDR, GMM 
0.0,2023-12-01,IDR, GMM 
0.0,2023-12-01,IDR, GMM 
0.0,2023-12-01,IDR, GMM 
0.0,2023-12-01,IDR, GMM 
0.0,2023-12-01,IDR, GMM 
5686500.0,2023-12-01,IDR, GMM 
4491000.0,2023-12-01,IDR, GMM 
0.0,2023-12-01,IDR, GMM 
0.0,2023-12-01,IDR, GMM 
0.0,2023-12-01,IDR, GMM 
0.0,2023-12-01,IDR, GMM 
0.0,2023-12-01,IDR, GMM 
0.0,2023-12-01,IDR, GMM 
0.0,2023-12-01,IDR, GMM 
0.0,2023-12-01,IDR, GMM 
0.0,2023-12-01,IDR, GMM 
0.0,2023-12-01,IDR, GMM 
0.0,2023-12-01,IDR, GMM 
0.0,2023-12-01,IDR, GMM 
0.0,2023-12-01,IDR, GMM 
0.0,2023-12-01,IDR, GMM 
0.0,2023-12-01,IDR, GMM 
0.0,2023-12-01,IDR, GMM 
0.0,2023-12-01,IDR, GMM 
0.0,2023-12-01,IDR, GMM 
0.0,2023-12-01,IDR, GMM 
0.0,2023-12-01,IDR, GMM 
0.0,2023-12-01,IDR, GMM 
0.0,2023-12-01,IDR, GMM 
0.0,2023-12-01,IDR, GMM 
0.0,2023-12-01,IDR, GMM 
0.0,2023-12-01,IDR, GMM 
0.0,2023-12-01,IDR, GMM 
0.0,2023-12-01,IDR, GMM 
0.0,2023-12-01,IDR, GMM 
0.0,2023-12-01,IDR, GMM 
0.0,2023-12-01,IDR, GMM 
0.0,2023-12-01,IDR, GMM 
0.0,2023-12-01,IDR, GMM 
0.0,2023-12-01,IDR, GMM 
0.0,2023-12-01,IDR, GMM 
0.0,2023-12-01,IDR, GMM 
0.0,2023-12-01,IDR, GMM 
0.0,2023-12-01,IDR, GMM 
0.0,2023-12-01,IDR, GMM 
0.0,2023-12-01,IDR, GMM 
0.0,2023-12-01,IDR, GMM 
0.0,2023-12-01,IDR, GMM 
0.0,2023-12-01,IDR, GMM 
0.0,2023-12-01,IDR, GMM 
0.0,2023-12-01,IDR, GMM 
0.0,2023-12-01,IDR, GMM 
0.0,2023-12-01,IDR, GMM 
0.0,2023-12-01,IDR, GMM 
0.0,2023-12-01,IDR, GMM 
0.0,2023-12-01,IDR, GMM 
0.0,2023-12-01,IDR, GMM 
0.0,2023-12-01,IDR, GMM 
0.0,2023-12-01,IDR, GMM 
0.0,2023-12-01,IDR, GMM 
0.0,2023-12-01,IDR, GMM 
0.0,2023-12-01,IDR, GMM 
0.0,2023-12-01,IDR, GMM 
0.0,2023-12-01,IDR, GMM 
0.0,2023-12-01,IDR, GMM 
0.0,2023-12-01,IDR, GMM 
0.0,2023-12-01,IDR, GMM 
0.0,2023-12-01,IDR, GMM 
0.0,2023-12-01,IDR, GMM 
0.0,2023-12-01,IDR, GMM 
0.0,2023-12-01,IDR, GMM 
0.0,2023-12-01,IDR, GMM 
0.0,2023-12-01,IDR, GMM 
0.0,2023-12-01,IDR, GMM 
0.0,2023-12-01,IDR, GMM 
0.0,2023-12-01,IDR, GMM 
0.0,2023-12-01,IDR, GMM 
0.0,2023-12-01,IDR, GMM 
0.0,2023-12-01,IDR, GMM 
0.0,2023-12-01,IDR, GMM 
0.0,2023-12-01,IDR, GMM 
0.0,2023-12-01,IDR, GMM 
0.0,2023-12-01,IDR, GMM 
0.0,2023-12-01,IDR, GMM 
0.0,2023-12-01,IDR, GMM 
0.0,2023-12-01,IDR, GMM 
0.0,2023-12-01,IDR, GMM 
0.0,2023-12-01,IDR, GMM 
0.0,2023-12-01,IDR, GMM 
0.0,2023-12-01,IDR, GMM 
0.0,2023-12-01,IDR, GMM 
0.0,2023-12-01,IDR, GMM 
0.0,2023-12-01,IDR, GMM 
0.0,2023-12-01,IDR, GMM 
0.0,2023-12-01,IDR, GMM 
0.0,2023-12-01,IDR, GMM 
0.0,2023-12-01,IDR, GMM 
0.0,2023-12-01,IDR, GMM 
0.0,2023-12-01,IDR, GMM 
0.0,2023-12-01,IDR, GMM 
0.0,2023-12-01,IDR, GMM 
0.0,2023-12-01,IDR, GMM 
0.0,2023-12-01,IDR, GMM 
0.0,2023-12-01,IDR, GMM 
0.0,2023-12-01,IDR, GMM 
0.0,2023-12-01,IDR, GMM 
0.0,2023-12-01,IDR, GMM 
0.0,2023-12-01,IDR, GMM 
0.0,2023-12-01,IDR, GMM 
0.0,2023-12-01,IDR, GMM 
0.0,2023-12-01,IDR, GMM 
0.0,2023-12-01,IDR, GMM 
0.0,2023-12-01,IDR, GMM 
0.0,2023-12-01,IDR, GMM 
0.0,2023-12-01,IDR, GMM 
0.0,2023-12-01,IDR, GMM 
0.0,2023-12-01,IDR, GMM 
0.0,2023-12-01,IDR, GMM 
0.0,2023-12-01,IDR, GMM 
0.0,2023-12-01,IDR, GMM 
0.0,2023-12-01,IDR, GMM 
0.0,2023-12-01,IDR, GMM 
0.0,2023-12-01,IDR, GMM 
0.0,2023-12-01,IDR, GMM 
0.0,2023-12-01,IDR, GMM 
0.0,2023-12-01,IDR, GMM 
0.0,2023-12-01,IDR, GMM 
0.0,2023-12-01,IDR, GMM 
0.0,2023-12-01,IDR, GMM 
0.0,2023-12-01,IDR, GMM 
0.0,2023-12-01,IDR, GMM 
0.0,2023-12-01,IDR, GMM 
0.0,2023-12-01,IDR, GMM 
0.0,2023-12-01,IDR, GMM 
0.0,2023-12-01,IDR, GMM 
0.0,2023-12-01,IDR, GMM 
0.0,2023-12-01,IDR, GMM 
0.0,2023-12-01,IDR, GMM 
0.0,2023-12-01,IDR, GMM 
0.0,2023-12-01,IDR, GMM 
0.0,2023-12-01,IDR, GMM 
0.0,2023-12-01,IDR, GMM 
0.0,2023-12-01,IDR, GMM 
0.0,2023-12-01,IDR, GMM 
0.0,2023-12-01,IDR, GMM 
0.0,2023-12-01,IDR, GMM 
0.0,2023-12-01,IDR, GMM 
0.0,2023-12-01,IDR, GMM 
0.0,2023-12-01,IDR, GMM 
0.0,2023-12-01,IDR, GMM 
0.0,2023-12-01,IDR, GMM 
0.0,2023-12-01,IDR, GMM 
0.0,2023-12-01,IDR, GMM 
0.0,2023-12-01,IDR, GMM 
0.0,2023-12-01,IDR, GMM 
0.0,2023-12-01,IDR, GMM 
0.0,2023-12-01,IDR, GMM 
0.0,2023-12-01,IDR, GMM 
0.0,2023-12-01,IDR, GMM 
0.0,2023-12-01,IDR, GMM 
0.0,2023-12-01,IDR, GMM 
0.0,2023-12-01,IDR, GMM 
0.0,2023-12-01,IDR, GMM 
0.0,2023-12-01,IDR, GMM 
0.0,2023-12-01,IDR, GMM 
0.0,2023-12-01,IDR, GMM 
0.0,2023-12-01,IDR, GMM 
0.0,2023-12-01,IDR, GMM 
0.0,2023-12-01,IDR, GMM 
0.0,2023-12-01,IDR, GMM 
0.0,2023-12-01,IDR, GMM 
0.0,2023-12-01,IDR, GMM 
0.0,2023-12-01,IDR, GMM 
0.0,2023-12-01,IDR, GMM 
0.0,2023-12-01,IDR, GMM 
0.0,2023-12-01,IDR, GMM 
0.0,2023-12-01,IDR, GMM 
0.0,2023-12-01,IDR, GMM 
0.0,2023-12-01,IDR, GMM 
0.0,2023-12-01,IDR, GMM 
0.0,2023-12-01,IDR, GMM 
0.0,2023-12-01,IDR, GMM 
0.0,2023-12-01,IDR, GMM 
0.0,2023-12-01,IDR, GMM 
0.0,2023-12-01,IDR, GMM 
0.0,2023-12-01,IDR, GMM 
0.0,2023-12-01,IDR, GMM 
0.0,2023-12-01,IDR, GMM 
0.0,2023-12-01,IDR, GMM 
0.0,2023-12-01,IDR, GMM 
0.0,2023-12-01,IDR, GMM 
0.0,2023-12-01,IDR, GMM 
0.0,2023-12-01,IDR, GMM 
0.0,2023-12-01,IDR, GMM 
0.0,2023-12-01,IDR, GMM 
38902500.0,2023-12-01,IDR, GMM 
23452600.0,2023-12-01,IDR, GMM 
25715600.0,2023-12-01,IDR, GMM 
5037500.0,2023-12-01,IDR, GMM 
4014600.0,2023-12-01,IDR, GMM 
9785100.0,2023-12-01,IDR, GMM 
2601360.0,2023-12-01,IDR, GMM 
2606700.0,2023-12-01,IDR, GMM 
0.0,2023-12-01,IDR, GMM 
2608800.0,2023-12-01,IDR, GMM 
2366406.575,2023-12-01,IDR, GMM 
3472480.0,2023-12-01,IDR, GMM 
13641730.0,2023-12-01,IDR, GMM 
4042400.0,2023-12-01,IDR, GMM 
5645640.0,2023-12-01,IDR, GMM 
4809240.0,2023-12-01,IDR, GMM 
4040800.0,2023-12-01,IDR, GMM 
5034000.0,2023-12-01,IDR, GMM 
5037500.0,2023-12-01,IDR, GMM 
4551410.0,2023-12-01,IDR, GMM 
5022500.0,2023-12-01,IDR, GMM 
493580.0,2023-12-01,IDR, GMM 
486200.0,2023-12-01,IDR, GMM 
471540.0,2023-12-01,IDR, GMM 
488724.0,2023-12-01,IDR, GMM 
473280.0,2023-12-01,IDR, GMM 
489603.0,2023-12-01,IDR, GMM 
473280.0,2023-12-01,IDR, GMM 
474440.0,2023-12-01,IDR, GMM 
487620.0,2023-12-01,IDR, GMM 
474440.0,2023-12-01,IDR, GMM 
471540.0,2023-12-01,IDR, GMM 
504063.0,2023-12-01,IDR, GMM 
495320.0,2023-12-01,IDR, GMM 
471540.0,2023-12-01,IDR, GMM 
469220.0,2023-12-01,IDR, GMM 
500250.0,2023-12-01,IDR, GMM 
501990.0,2023-12-01,IDR, GMM 
474440.0,2023-12-01,IDR, GMM 
501990.0,2023-12-01,IDR, GMM 
494489.0,2023-12-01,IDR, GMM 
486640.0,2023-12-01,IDR, GMM 
489603.0,2023-12-01,IDR, GMM 
506477.0,2023-12-01,IDR, GMM 
474440.0,2023-12-01,IDR, GMM 
471540.0,2023-12-01,IDR, GMM 
507870.0,2023-12-01,IDR, GMM 
476760.0,2023-12-01,IDR, GMM 
482560.0,2023-12-01,IDR, GMM 
487620.0,2023-12-01,IDR, GMM 
493920.0,2023-12-01,IDR, GMM 
493868.2,2023-12-01,IDR, GMM 
475020.0,2023-12-01,IDR, GMM 
0.0,2023-12-01,IDR, GMM 
0.0,2023-12-01,IDR, GMM 
19143800.0,2023-12-01,IDR, GMM 
27317500.0,2023-12-01,IDR, GMM 
92936000.0,2023-12-01,IDR, GMM 
40159060.0,2023-12-01,IDR, GMM 
28029000.0,2023-12-01,IDR, GMM 
11951500.0,2023-12-01,IDR, GMM 
15214800.0,2023-12-01,IDR, GMM 
41506000.0,2023-12-01,IDR, GMM 
0.0,2023-12-01,IDR, GMM 
9412600.0,2023-12-01,IDR, GMM 
0.0,2023-12-01,IDR, GMM 
8991000.0,2023-12-01,IDR, GMM 
0.0,2023-12-01,IDR, GMM 
4677063.562,2023-12-01,IDR, GMM 
0.0,2023-12-01,IDR, GMM 
0.0,2023-12-01,IDR, GMM 
7395436.164,2023-12-01,IDR, GMM 
9659800.0,2023-12-01,IDR, GMM 
5341000.0,2023-12-01,IDR, GMM 
0.0,2023-12-01,IDR, GMM 
6080703.0,2023-12-01,IDR, GMM 
1961841.42,2023-12-01,IDR, GMM 
18909134.25,2023-12-01,IDR, GMM 
7703520.0,2023-12-01,IDR, GMM 
7022550.0,2023-12-01,IDR, GMM 
4119070.0,2023-12-01,IDR, GMM 
4119070.0,2023-12-01,IDR, GMM 
60951153.97,2023-12-01,IDR, GMM 
9606817.66,2023-12-01,IDR, GMM 
5539250.0,2023-12-01,IDR, GMM 
22584574.66,2023-12-01,IDR, GMM 
11023997.59,2023-12-01,IDR, GMM 
12266550.0,2023-12-01,IDR, GMM 
15046500.0,2023-12-01,IDR, GMM 
0.0,2023-12-01,IDR, GMM 
34405200.0,2023-12-01,IDR, GMM 
19602500.0,2023-12-01,IDR, GMM 
8407400.0,2023-12-01,IDR, GMM 
14747330.0,2023-12-01,IDR, GMM 
17603250.0,2023-12-01,IDR, GMM 
27375842.15,2023-12-01,IDR, GMM 
29469643.84,2023-12-01,IDR, GMM 
33886558.9,2023-12-01,IDR, GMM 
48485000.0,2023-12-01,IDR, GMM 
43515399.29,2023-12-01,IDR, GMM 
7540160.0,2023-12-01,IDR, GMM 
8768060.0,2023-12-01,IDR, GMM 
19323000.0,2023-12-01,IDR, GMM 
9020050.0,2023-12-01,IDR, GMM 
9752480.0,2023-12-01,IDR, GMM 
5060500.0,2023-12-01,IDR, GMM 
5060000.0,2023-12-01,IDR, GMM 
15800000.0,2023-12-01,IDR, GMM 
16000000.0,2023-12-01,IDR, GMM 
0.0,2023-12-01,IDR, GMM 
0.0,2023-12-01,IDR, GMM 
14000000.0,2023-12-01,IDR, GMM 
0.0,2023-12-01,IDR, GMM 
0.0,2023-12-01,IDR, GMM 
0.0,2023-12-01,IDR, GMM 
17000000.0,2023-12-01,IDR, GMM 
0.0,2023-12-01,IDR, GMM 
0.0,2023-12-01,IDR, GMM 
18000000.0,2023-12-01,IDR, GMM 
0.0,2023-12-01,IDR, GMM 
18000000.0,2023-12-01,IDR, GMM 
0.0,2023-12-01,IDR, GMM 
20000000.0,2023-12-01,IDR, GMM 
25750000.0,2023-12-01,IDR, GMM 
25000000.0,2023-12-01,IDR, GMM 
25000000.0,2023-12-01,IDR, GMM 
0.0,2023-12-01,IDR, GMM 
10000000.0,2023-12-01,IDR, GMM 
25000000.0,2023-12-01,IDR, GMM 
0.0,2023-12-01,IDR, GMM 
0.0,2023-12-01,IDR, GMM 
0.0,2023-12-01,IDR, GMM 
0.0,2023-12-01,IDR, GMM 
0.0,2023-12-01,IDR, GMM 
0.0,2023-12-01,IDR, GMM 
0.0,2023-12-01,IDR, GMM 
105300000.0,2023-12-01,IDR, GMM 
63000000.0,2023-12-01,IDR, GMM 
12500000.0,2023-12-01,IDR, GMM 
5000000.0,2023-12-01,IDR, GMM 
13269000.0,2023-12-01,IDR, GMM 
12000000.0,2023-12-01,IDR, GMM 
18000000.0,2023-12-01,IDR, GMM 
10000000.0,2023-12-01,IDR, GMM 
10000000.0,2023-12-01,IDR, GMM 
0.0,2023-12-01,IDR, GMM 
17900000.0,2023-12-01,IDR, GMM 
5000000.0,2023-12-01,IDR, GMM 
0.0,2023-12-01,IDR, GMM 
5500000.0,2023-12-01,IDR, GMM 
13500000.0,2023-12-01,IDR, GMM 
20000000.0,2023-12-01,IDR, GMM 
16572800.0,2023-12-01,IDR, GMM 
17000000.0,2023-12-01,IDR, GMM 
20000000.0,2023-12-01,IDR, GMM 
0.0,2023-12-01,IDR, GMM 
16500000.0,2023-12-01,IDR, GMM 
20000000.0,2023-12-01,IDR, GMM 
0.0,2023-12-01,IDR, GMM 
0.0,2023-12-01,IDR, GMM 
17000000.0,2023-12-01,IDR, GMM 
0.0,2023-12-01,IDR, GMM 
0.0,2023-12-01,IDR, GMM 
20000000.0,2023-12-01,IDR, GMM 
29775000.0,2023-12-01,IDR, GMM 
0.0,2023-12-01,IDR, GMM 
8839127.87,2023-12-01,IDR, GMM 
20000000.0,2023-12-01,IDR, GMM 
20000000.0,2023-12-01,IDR, GMM 
0.0,2023-12-01,IDR, GMM 
0.0,2023-12-01,IDR, GMM 
15000000.0,2023-12-01,IDR, GMM 
0.0,2023-12-01,IDR, GMM 
0.0,2023-12-01,IDR, GMM 
0.0,2023-12-01,IDR, GMM 
0.0,2023-12-01,IDR, GMM 
0.0,2023-12-01,IDR, GMM 
0.0,2023-12-01,IDR, GMM 
0.0,2023-12-01,IDR, GMM 
0.0,2023-12-01,IDR, GMM 
0.0,2023-12-01,IDR, GMM 
0.0,2023-12-01,IDR, GMM 
0.0,2023-12-01,IDR, GMM 
0.0,2023-12-01,IDR, GMM 
0.0,2023-12-01,IDR, GMM 
-8705479.45,2023-12-01,IDR, GMM 
-50819672.13,2023-12-01,IDR, GMM 
-30491803.28,2023-12-01,IDR, GMM 
-2032786.89,2023-12-01,IDR, GMM 
-7622950.82,2023-12-01,IDR, GMM 
-4446721.31,2023-12-01,IDR, GMM 
-2964480.87,2023-12-01,IDR, GMM 
0.0,2023-12-01,IDR, GMM 
0.0,2023-12-01,IDR, GMM 
0.0,2023-12-01,IDR, GMM 
0.0,2023-12-01,IDR, GMM 
0.0,2023-12-01,IDR, GMM 
0.0,2023-12-01,IDR, GMM 
0.0,2023-12-01,IDR, GMM 
0.0,2023-12-01,IDR, GMM 
0.0,2023-12-01,IDR, GMM 
0.0,2023-12-01,IDR, GMM 
0.0,2023-12-01,IDR, GMM 
0.0,2023-12-01,IDR, GMM 
0.0,2023-12-01,IDR, GMM 
0.0,2023-12-01,IDR, GMM 
0.0,2023-12-01,IDR, GMM 
0.0,2023-12-01,IDR, GMM 
0.0,2023-12-01,IDR, GMM 
0.0,2023-12-01,IDR, GMM 
0.0,2023-12-01,IDR, GMM 
0.0,2023-12-01,IDR, GMM 
0.0,2023-12-01,IDR, GMM 
0.0,2023-12-01,IDR, GMM 
0.0,2023-12-01,IDR, GMM 
0.0,2023-12-01,IDR, GMM 
0.0,2023-12-01,IDR, GMM 
0.0,2023-12-01,IDR, GMM 
0.0,2023-12-01,IDR, GMM 
0.0,2023-12-01,IDR, GMM 
0.0,2023-12-01,IDR, GMM 
0.0,2023-12-01,IDR, GMM 
0.0,2023-12-01,IDR, GMM 
0.0,2023-12-01,IDR, GMM 
0.0,2023-12-01,IDR, GMM 
0.0,2023-12-01,IDR, GMM 
-3200000.0,2023-12-01,IDR, GMM 
-6000000.0,2023-12-01,IDR, GMM 
8705479.45,2023-12-01,IDR, GMM 
50819672.13,2023-12-01,IDR, GMM 
30491803.28,2023-12-01,IDR, GMM 
2032786.89,2023-12-01,IDR, GMM 
7622950.82,2023-12-01,IDR, GMM 
4446721.31,2023-12-01,IDR, GMM 
2964480.87,2023-12-01,IDR, GMM 
1000000.0,2023-12-01,IDR, GMM 
6731640.0,2023-12-01,IDR, GMM 
2805000.0,2023-12-01,IDR, GMM 
0.0,2023-12-01,IDR, GMM 
3000000.0,2023-12-01,IDR, GMM 
5000000.0,2023-12-01,IDR, GMM 
1800000.0,2023-12-01,IDR, GMM 
1000000.0,2023-12-01,IDR, GMM 
1400000.0,2023-12-01,IDR, GMM 
2600000.0,2023-12-01,IDR, GMM 
3000000.0,2023-12-01,IDR, GMM 
8600000.0,2023-12-01,IDR, GMM 
30000000.0,2023-12-01,IDR, GMM 
6672226.856,2023-12-01,IDR, GMM 
6672226.856,2023-12-01,IDR, GMM 
4000000.0,2023-12-01,IDR, GMM 
14800000.0,2023-12-01,IDR, GMM 
0.0,2023-12-01,IDR, GMM 
2000000.0,2023-12-01,IDR, GMM 
0.0,2023-12-01,IDR, GMM 
8000000.0,2023-12-01,IDR, GMM 
0.0,2023-12-01,IDR, GMM 
6600000.0,2023-12-01,IDR, GMM 
26400000.0,2023-12-01,IDR, GMM 
7800000.0,2023-12-01,IDR, GMM 
6000000.0,2023-12-01,IDR, GMM 
3000000.0,2023-12-01,IDR, GMM 
15000000.0,2023-12-01,IDR, GMM 
4153000.0,2023-12-01,IDR, GMM 
11961813.8,2023-12-01,IDR, GMM 
2000000.0,2023-12-01,IDR, GMM 
3000000.0,2023-12-01,IDR, GMM 
3000000.0,2023-12-01,IDR, GMM 
4500000.0,2023-12-01,IDR, GMM 
2000000.0,2023-12-01,IDR, GMM 
3000000.0,2023-12-01,IDR, GMM 
1500000.0,2023-12-01,IDR, GMM 
8800000.0,2023-12-01,IDR, GMM 
3000000.0,2023-12-01,IDR, GMM 
2000000.0,2023-12-01,IDR, GMM 
1600000.0,2023-12-01,IDR, GMM 
1500000.0,2023-12-01,IDR, GMM 
1000000.0,2023-12-01,IDR, GMM 
3000000.0,2023-12-01,IDR, GMM 
6000000.0,2023-12-01,IDR, GMM 
9000000.0,2023-12-01,IDR, GMM 
4200000.0,2023-12-01,IDR, GMM 
2600000.0,2023-12-01,IDR, GMM 
1676000.0,2023-12-01,IDR, GMM 
1000000.0,2023-12-01,IDR, GMM 
2000000.0,2023-12-01,IDR, GMM 
5000000.0,2023-12-01,IDR, GMM 
2000000.0,2023-12-01,IDR, GMM 
0.0,2023-12-01,IDR, GMM 
2700000.0,2023-12-01,IDR, GMM 
3000000.0,2023-12-01,IDR, GMM 
2000000.0,2023-12-01,IDR, GMM 
10000000.0,2023-12-01,IDR, GMM 
2000000.0,2023-12-01,IDR, GMM 
2000000.0,2023-12-01,IDR, GMM 
2000000.0,2023-12-01,IDR, GMM 
1000000.0,2023-12-01,IDR, GMM 
9000000.0,2023-12-01,IDR, GMM 
3000000.0,2023-12-01,IDR, GMM 
0.0,2023-12-01,IDR, GMM 
40000000.0,2023-12-01,IDR, GMM 
0.0,2023-12-01,IDR, GMM 
1500000.0,2023-12-01,IDR, GMM 
4000000.0,2023-12-01,IDR, GMM 
6000000.0,2023-12-01,IDR, GMM 
2000000.0,2023-12-01,IDR, GMM 
12000000.0,2023-12-01,IDR, GMM 
7500000.0,2023-12-01,IDR, GMM 
3000000.0,2023-12-01,IDR, GMM 
0.0,2023-12-01,IDR, GMM 
1400000.0,2023-12-01,IDR, GMM 
1200000.0,2023-12-01,IDR, GMM 
7500000.0,2023-12-01,IDR, GMM 
10000000.0,2023-12-01,IDR, GMM 
0.0,2023-12-01,IDR, GMM 
7040000.0,2023-12-01,IDR, GMM 
0.0,2023-12-01,IDR, GMM 
4500000.0,2023-12-01,IDR, GMM 
3600000.0,2023-12-01,IDR, GMM 
0.0,2023-12-01,IDR, PAA 
20000000.0,2023-12-01,IDR, GMM 
0.0,2023-12-01,IDR, GMM 
3000000.0,2023-12-01,IDR, GMM 
9000000.0,2023-12-01,IDR, GMM 
1000000.0,2023-12-01,IDR, GMM 
1500000.0,2023-12-01,IDR, GMM 
6000000.0,2023-12-01,IDR, GMM 
0.0,2023-12-01,IDR, GMM 
2000000.0,2023-12-01,IDR, GMM 
1000000.0,2023-12-01,IDR, GMM 
2000000.0,2023-12-01,IDR, GMM 
0.0,2023-12-01,IDR, GMM 
0.0,2023-12-01,IDR, GMM 
1682910.0,2023-12-01,IDR, GMM 
1400000.0,2023-12-01,IDR, GMM 
3000000.0,2023-12-01,IDR, GMM 
1517000.0,2023-12-01,IDR, GMM 
3000000.0,2023-12-01,IDR, GMM 
1000000.0,2023-12-01,IDR, GMM 
2150000.0,2023-12-01,IDR, GMM 
1854083.62,2023-12-01,IDR, GMM 
1854083.62,2023-12-01,IDR, GMM 
1854083.62,2023-12-01,IDR, GMM 
5376705.424,2023-12-01,IDR, GMM 
5376705.424,2023-12-01,IDR, GMM 
2414098.335,2023-12-01,IDR, GMM 
1569981.946,2023-12-01,IDR, GMM 
1569981.946,2023-12-01,IDR, GMM 
5486215.888,2023-12-01,IDR, GMM 
1668056.714,2023-12-01,IDR, GMM 
1569981.946,2023-12-01,IDR, GMM 
1569981.946,2023-12-01,IDR, GMM 
5486215.888,2023-12-01,IDR, GMM 
1668056.714,2023-12-01,IDR, GMM 
1569981.946,2023-12-01,IDR, GMM 
1500000.0,2023-12-01,IDR, GMM 
0.0,2023-12-01,IDR, GMM 
1800000.0,2023-12-01,IDR, GMM 
1000000.0,2023-12-01,IDR, GMM 
1400000.0,2023-12-01,IDR, GMM 
2600000.0,2023-12-01,IDR, GMM 
3000000.0,2023-12-01,IDR, GMM 
0.0,2023-12-01,IDR, GMM 
15090300.0,2023-12-01,IDR, GMM 
4000000.0,2023-12-01,IDR, GMM 
4440000.0,2023-12-01,IDR, GMM 
14800000.0,2023-12-01,IDR, GMM 
3600000.0,2023-12-01,IDR, GMM 
6120000.0,2023-12-01,IDR, GMM 
1000000.0,2023-12-01,IDR, GMM 
20000000.0,2023-12-01,IDR, GMM 
6000000.0,2023-12-01,IDR, GMM 
3000000.0,2023-12-01,IDR, GMM 
0.0,2023-12-01,IDR, GMM 
50000000.0,2023-12-01,IDR, GMM 
0.0,2023-12-01,IDR, PAA 
4000000.0,2023-12-01,IDR, PAA 
0.0,2023-12-01,IDR, PAA 
0.0,2023-12-01,IDR, PAA 
0.0,2023-12-01,IDR, PAA 
0.0,2023-12-01,IDR, GMM 
2550000.0,2023-12-01,IDR, GMM 
6000000.0,2023-12-01,IDR, GMM 
0.0,2023-12-01,IDR, GMM 
2000000.0,2023-12-01,IDR, GMM 
1500000.0,2023-12-01,IDR, GMM 
6600000.0,2023-12-01,IDR, GMM 
6600000.0,2023-12-01,IDR, GMM 
0.0,2023-12-01,IDR, GMM 
3000000.0,2023-12-01,IDR, GMM 
0.0,2023-12-01,IDR, GMM 
0.0,2023-12-01,IDR, GMM 
0.0,2023-12-01,IDR, GMM 
0.0,2023-12-01,IDR, GMM 
0.0,2023-12-01,IDR, GMM 
0.0,2023-12-01,IDR, GMM 
0.0,2023-12-01,IDR, GMM 
71025000.0,2023-12-01,IDR, GMM 
0.0,2023-12-01,IDR, GMM 
17000000.0,2023-12-01,IDR, GMM 
9000000.0,2023-12-01,IDR, GMM 
0.0,2023-12-01,IDR, GMM 
20000000.0,2023-12-01,IDR, GMM 
0.0,2023-12-01,IDR, GMM 
0.0,2023-12-01,IDR, GMM 
0.0,2023-12-01,IDR, GMM 
0.0,2023-12-01,IDR, GMM 
0.0,2023-12-01,IDR, GMM 
2400000.0,2023-12-01,IDR, GMM 
2000000.0,2023-12-01,IDR, GMM 
6543000.0,2023-12-01,IDR, GMM 
3300000.0,2023-12-01,IDR, GMM 
2000000.0,2023-12-01,IDR, GMM 
4800000.0,2023-12-01,IDR, GMM 
16000000.0,2023-12-01,IDR, GMM 
30000000.0,2023-12-01,IDR, GMM 
0.0,2023-12-01,IDR, PAA 
0.0,2023-12-01,IDR, PAA 
0.0,2023-12-01,IDR, PAA 
2200000.0,2023-12-01,IDR, GMM 
3000000.0,2023-12-01,IDR, GMM 
2000000.0,2023-12-01,IDR, GMM 
1000000.0,2023-12-01,IDR, GMM 
24000000.0,2023-12-01,IDR, GMM 
6000000.0,2023-12-01,IDR, GMM 
3900000.0,2023-12-01,IDR, GMM 
15000000.0,2023-12-01,IDR, GMM 
30000000.0,2023-12-01,IDR, GMM 
0.0,2023-12-01,IDR, PAA 
0.0,2023-12-01,IDR, PAA 
0.0,2023-12-01,IDR, PAA 
0.0,2023-12-01,IDR, PAA 
0.0,2023-12-01,IDR, PAA 
50000000.0,2023-12-01,IDR, GMM 
0.0,2023-12-01,IDR, GMM 
0.0,2023-12-01,IDR, GMM 
1676000.0,2023-12-01,IDR, GMM 
1000000.0,2023-12-01,IDR, GMM 
2000000.0,2023-12-01,IDR, GMM 
1902000.0,2023-12-01,IDR, GMM 
9000000.0,2023-12-01,IDR, GMM 
2000000.0,2023-12-01,IDR, GMM 
20000000.0,2023-12-01,IDR, GMM 
6000000.0,2023-12-01,IDR, GMM 
7500000.0,2023-12-01,IDR, GMM 
6000000.0,2023-12-01,IDR, GMM 
15000000.0,2023-12-01,IDR, GMM 
0.0,2023-12-01,IDR, GMM 
0.0,2023-12-01,IDR, GMM 
0.0,2023-12-01,USD, GMM 
25000000.0,2023-12-01,IDR, GMM 
0.0,2023-12-01,IDR, GMM 
2700000.0,2023-12-01,IDR, GMM 
0.0,2023-12-01,IDR, GMM 
2000000.0,2023-12-01,IDR, GMM 
8000000.0,2023-12-01,IDR, GMM 
11600000.0,2023-12-01,IDR, GMM 
10000000.0,2023-12-01,IDR, GMM 
2000000.0,2023-12-01,IDR, GMM 
2000000.0,2023-12-01,IDR, GMM 
8000000.0,2023-12-01,IDR, GMM 
0.0,2023-12-01,IDR, GMM 
0.0,2023-12-01,IDR, GMM 
3000000.0,2023-12-01,IDR, GMM 
3000000.0,2023-12-01,IDR, GMM 
0.0,2023-12-01,IDR, GMM 
10000000.0,2023-12-01,IDR, GMM 
55000000.0,2023-12-01,IDR, GMM 
0.0,2023-12-01,IDR, GMM 
0.0,2023-12-01,IDR, GMM 
1800000.0,2023-12-01,IDR, GMM 
0.0,2023-12-01,IDR, GMM 
3000000.0,2023-12-01,IDR, GMM 
3000000.0,2023-12-01,IDR, GMM 
3000000.0,2023-12-01,IDR, GMM 
0.0,2023-12-01,IDR, GMM 
0.0,2023-12-01,IDR, GMM 
25000000.0,2023-12-01,IDR, GMM 
0.0,2023-12-01,IDR, PAA 
0.0,2023-12-01,IDR, PAA 
0.0,2023-12-01,IDR, GMM 
0.0,2023-12-01,IDR, GMM 
0.0,2023-12-01,IDR, PAA 
2500000.0,2023-12-01,IDR, GMM 
0.0,2023-12-01,IDR, PAA 
0.0,2023-12-01,IDR, PAA 
0.0,2023-12-01,IDR, PAA 
0.0,2023-12-01,IDR, PAA 
0.0,2023-12-01,IDR, PAA 
0.0,2023-12-01,IDR, PAA 
0.0,2023-12-01,IDR, PAA 
0.0,2023-12-01,IDR, PAA 
0.0,2023-12-01,IDR, PAA 
0.0,2023-12-01,IDR, PAA 
0.0,2023-12-01,IDR, PAA 
0.0,2023-12-01,IDR, PAA 
0.0,2023-12-01,IDR, PAA 
0.0,2023-12-01,IDR, PAA 
0.0,2023-12-01,IDR, PAA 
0.0,2023-12-01,IDR, PAA 
0.0,2023-12-01,IDR, PAA 
0.0,2023-12-01,IDR, PAA 
0.0,2023-12-01,IDR, PAA 
0.0,2023-12-01,IDR, PAA 
2230000.0,2023-12-01,IDR, GMM 
4500000.0,2023-12-01,IDR, GMM 
7500000.0,2023-12-01,IDR, GMM 
1400000.0,2023-12-01,IDR, GMM 
1200000.0,2023-12-01,IDR, GMM 
7500000.0,2023-12-01,IDR, GMM 
3000000.0,2023-12-01,IDR, GMM 
1500000.0,2023-12-01,IDR, GMM 
12000000.0,2023-12-01,IDR, GMM 
6203955.024,2023-12-01,IDR, GMM 
3000000.0,2023-12-01,IDR, GMM 
8000000.0,2023-12-01,IDR, GMM 
7500000.0,2023-12-01,IDR, GMM 
7500000.0,2023-12-01,IDR, GMM 
0.0,2023-12-01,IDR, GMM 
0.0,2023-12-01,IDR, GMM 
0.0,2023-12-01,IDR, GMM 
0.0,2023-12-01,IDR, GMM 
0.0,2023-12-01,IDR, GMM 
0.0,2023-12-01,IDR, PAA 
8000000.0,2023-12-01,IDR, PAA 
0.0,2023-12-01,IDR, PAA 
0.0,2023-12-01,IDR, PAA 
0.0,2023-12-01,IDR, PAA 
0.0,2023-12-01,IDR, PAA 
3000000.0,2023-12-01,IDR, PAA 
0.0,2023-12-01,IDR, PAA 
4800000.0,2023-12-01,IDR, GMM 
8000000.0,2023-12-01,IDR, GMM 
2700000.0,2023-12-01,IDR, GMM 
12000000.0,2023-12-01,IDR, GMM 
6000000.0,2023-12-01,IDR, GMM 
3600000.0,2023-12-01,IDR, GMM 
4000000.0,2023-12-01,IDR, PAA 
11000000.0,2023-12-01,IDR, PAA 
0.0,2023-12-01,IDR, PAA 
5000000.0,2023-12-01,IDR, PAA 
10000000.0,2023-12-01,IDR, PAA 
2500.0,2023-12-01,USD, GMM 
0.0,2023-12-01,IDR, GMM 
0.0,2023-12-01,IDR, GMM 
0.0,2023-12-01,IDR, GMM 
0.0,2023-12-01,IDR, GMM 
5130000.0,2023-12-01,IDR, GMM 
1000000.0,2023-12-01,IDR, GMM 
6000000.0,2023-12-01,IDR, GMM 
2000000.0,2023-12-01,IDR, GMM 
2000000.0,2023-12-01,IDR, GMM 
2500.0,2023-12-01,USD, GMM 
25000000.0,2023-12-01,IDR, GMM 
55000000.0,2023-12-01,IDR, GMM 
25000000.0,2023-12-01,IDR, GMM 
2500.0,2023-12-01,USD, GMM 
2500.0,2023-12-01,USD, GMM 
3000000.0,2023-12-01,IDR, PAA 
0.0,2023-12-01,IDR, PAA 
0.0,2023-12-01,IDR, PAA 
3000000.0,2023-12-01,IDR, PAA 
0.0,2023-12-01,IDR, PAA 
0.0,2023-12-01,IDR, PAA 
3000000.0,2023-12-01,IDR, PAA 
0.0,2023-12-01,IDR, PAA 
0.0,2023-12-01,IDR, PAA 
1682910.0,2023-12-01,IDR, GMM 
1517000.0,2023-12-01,IDR, GMM 
8800000.0,2023-12-01,IDR, GMM 
2150000.0,2023-12-01,IDR, GMM 
1969473.166,2023-12-01,IDR, GMM 
1969473.166,2023-12-01,IDR, GMM 
1344176.356,2023-12-01,IDR, GMM 
1344176.356,2023-12-01,IDR, GMM 
2559726.963,2023-12-01,IDR, GMM 
5713469.504,2023-12-01,IDR, GMM 
1569981.946,2023-12-01,IDR, GMM 
1569981.946,2023-12-01,IDR, GMM 
1371553.972,2023-12-01,IDR, GMM 
1668056.714,2023-12-01,IDR, GMM 
1569981.946,2023-12-01,IDR, GMM 
1569981.946,2023-12-01,IDR, GMM 
1371553.972,2023-12-01,IDR, GMM 
1668056.714,2023-12-01,IDR, GMM 
1569981.946,2023-12-01,IDR, GMM 
6000000.0,2023-12-01,IDR, GMM 
10400000.0,2023-12-01,IDR, GMM 
5100000.0,2023-12-01,IDR, GMM 
0.0,2023-12-01,IDR, GMM 
6000000.0,2023-12-01,IDR, GMM 
1500000.0,2023-12-01,IDR, GMM 
3600000.0,2023-12-01,IDR, GMM 
0.0,2023-12-01,IDR, PAA 
0.0,2023-12-01,IDR, PAA 
0.0,2023-12-01,IDR, PAA 
3000000.0,2023-12-01,IDR, PAA 
6000000.0,2023-12-01,IDR, PAA 
3000000.0,2023-12-01,IDR, PAA 
3000000.0,2023-12-01,IDR, PAA 
1800000.0,2023-12-01,IDR, GMM 
1000000.0,2023-12-01,IDR, GMM 
1500000.0,2023-12-01,IDR, GMM 
16000000.0,2023-12-01,IDR, GMM 
2600000.0,2023-12-01,IDR, GMM 
3000000.0,2023-12-01,IDR, GMM 
6041744.1,2023-12-01,IDR, GMM 
8000000.0,2023-12-01,IDR, GMM 
8000000.0,2023-12-01,IDR, GMM 
12060000.0,2023-12-01,IDR, GMM 
0.0,2023-12-01,IDR, PAA 
0.0,2023-12-01,IDR, PAA 
0.0,2023-12-01,IDR, PAA 
4000000.0,2023-12-01,IDR, PAA 
0.0,2023-12-01,IDR, PAA 
0.0,2023-12-01,IDR, PAA 
12000000.0,2023-12-01,IDR, PAA 
9000000.0,2023-12-01,IDR, PAA 
3000000.0,2023-12-01,IDR, PAA 
0.0,2023-12-01,IDR, PAA 
0.0,2023-12-01,IDR, PAA 
5000000.0,2023-12-01,IDR, PAA 
3000000.0,2023-12-01,IDR, PAA 
55000000.0,2023-12-01,IDR, GMM 
50000000.0,2023-12-01,IDR, GMM 
17000000.0,2023-12-01,IDR, GMM 
0.0,2023-12-01,IDR, GMM 
1000000.0,2023-12-01,IDR, GMM 
14800000.0,2023-12-01,IDR, GMM 
3000000.0,2023-12-01,IDR, GMM 
8000000.0,2023-12-01,IDR, GMM 
1530000.0,2023-12-01,IDR, GMM 
1000000.0,2023-12-01,IDR, GMM 
5000000.0,2023-12-01,IDR, GMM 
1800000.0,2023-12-01,IDR, GMM 
8000000.0,2023-12-01,IDR, GMM 
11000000.0,2023-12-01,IDR, PAA 
0.0,2023-12-01,IDR, PAA 
0.0,2023-12-01,IDR, PAA 
8000000.0,2023-12-01,IDR, PAA 
6000000.0,2023-12-01,IDR, PAA 
0.0,2023-12-01,IDR, PAA 
4000000.0,2023-12-01,IDR, PAA 
0.0,2023-12-01,IDR, PAA 
3000000.0,2023-12-01,IDR, PAA 
5000000.0,2023-12-01,IDR, PAA 
10000000.0,2023-12-01,IDR, PAA 
0.0,2023-12-01,USD, GMM 
0.0,2023-12-01,IDR, PAA 
0.0,2023-12-01,IDR, PAA 
3000000.0,2023-12-01,IDR, PAA 
8000000.0,2023-12-01,IDR, PAA 
7000000.0,2023-12-01,IDR, PAA 
3000000.0,2023-12-01,IDR, PAA 
3000000.0,2023-12-01,IDR, PAA 
7500000.0,2023-12-01,IDR, GMM 
0.0,2023-12-01,IDR, GMM 
2700000.0,2023-12-01,IDR, GMM 
1500000.0,2023-12-01,IDR, GMM 
0.0,2023-12-01,IDR, GMM 
2000000.0,2023-12-01,IDR, GMM 
6600000.0,2023-12-01,IDR, GMM 
6600000.0,2023-12-01,IDR, GMM 
0.0,2023-12-01,IDR, GMM 
8000000.0,2023-12-01,IDR, GMM 
3030000.0,2023-12-01,IDR, GMM 
7500000.0,2023-12-01,IDR, GMM 
3000000.0,2023-12-01,IDR, GMM 
0.0,2023-12-01,IDR, PAA 
5000000.0,2023-12-01,IDR, PAA 
0.0,2023-12-01,IDR, PAA 
0.0,2023-12-01,IDR, PAA 
0.0,2023-12-01,IDR, PAA 
0.0,2023-12-01,IDR, PAA 
5000000.0,2023-12-01,IDR, PAA 
3000000.0,2023-12-01,IDR, PAA 
0.0,2023-12-01,IDR, PAA 
0.0,2023-12-01,IDR, PAA 
0.0,2023-12-01,IDR, PAA 
11000000.0,2023-12-01,IDR, PAA 
6000000.0,2023-12-01,IDR, PAA 
3000000.0,2023-12-01,IDR, PAA 
5000000.0,2023-12-01,IDR, PAA 
6000000.0,2023-12-01,IDR, PAA 
0.0,2023-12-01,IDR, PAA 
8000000.0,2023-12-01,IDR, PAA 
5000000.0,2023-12-01,IDR, PAA 
0.0,2023-12-01,USD, GMM 
0.0,2023-12-01,USD, GMM 
0.0,2023-12-01,USD, GMM 
0.0,2023-12-01,IDR, GMM 
2000000.0,2023-12-01,IDR, GMM 
8000000.0,2023-12-01,IDR, GMM 
0.0,2023-12-01,IDR, GMM 
1200000.0,2023-12-01,IDR, GMM 
4000000.0,2023-12-01,IDR, GMM 
28000000.0,2023-12-01,IDR, GMM 
3600000.0,2023-12-01,IDR, GMM 
9600000.0,2023-12-01,IDR, GMM 
3000000.0,2023-12-01,IDR, GMM 
20000000.0,2023-12-01,IDR, GMM 
30000000.0,2023-12-01,IDR, GMM 
4200000.0,2023-12-01,IDR, GMM 
0.0,2023-12-01,IDR, GMM 
1400000.0,2023-12-01,IDR, GMM 
2100000.0,2023-12-01,IDR, GMM 
50000000.0,2023-12-01,IDR, GMM 
50000000.0,2023-12-01,IDR, GMM 
0.0,2023-12-01,IDR, GMM 
0.0,2023-12-01,IDR, GMM 
0.0,2023-12-01,IDR, GMM 
0.0,2023-12-01,IDR, GMM 
0.0,2023-12-01,IDR, GMM 
2200000.0,2023-12-01,IDR, GMM 
3000000.0,2023-12-01,IDR, GMM 
2817000.0,2023-12-01,IDR, GMM 
2000000.0,2023-12-01,IDR, GMM 
9600000.0,2023-12-01,IDR, GMM 
6000000.0,2023-12-01,IDR, GMM 
8000000.0,2023-12-01,IDR, GMM 
16000000.0,2023-12-01,IDR, GMM 
5000000.0,2023-12-01,IDR, PAA 
9000000.0,2023-12-01,IDR, PAA 
0.0,2023-12-01,IDR, PAA 
10000000.0,2023-12-01,IDR, PAA 
0.0,2023-12-01,IDR, PAA 
8000000.0,2023-12-01,IDR, PAA 
8000000.0,2023-12-01,IDR, PAA 
3000000.0,2023-12-01,IDR, PAA 
6000000.0,2023-12-01,IDR, PAA 
2500.0,2023-12-01,USD, GMM 
25000000.0,2023-12-01,IDR, GMM 
18983022.0,2023-12-01,IDR, GMM 
40050000.0,2023-12-01,IDR, GMM 
51100000.0,2023-12-01,IDR, GMM 
0.0,2023-12-01,IDR, GMM 
3000000.0,2023-12-01,IDR, GMM 
5000000.0,2023-12-01,IDR, GMM 
10000000.0,2023-12-01,IDR, GMM 
16000000.0,2023-12-01,IDR, GMM 
10400000.0,2023-12-01,IDR, GMM 
8000000.0,2023-12-01,IDR, GMM 
20000000.0,2023-12-01,IDR, GMM 
0.0,2023-12-01,IDR, PAA 
0.0,2023-12-01,IDR, PAA 
3000000.0,2023-12-01,IDR, PAA 
10000000.0,2023-12-01,IDR, PAA 
6000000.0,2023-12-01,IDR, PAA 
3000000.0,2023-12-01,IDR, PAA 
10000000.0,2023-12-01,IDR, PAA 
3000000.0,2023-12-01,IDR, PAA 
5000000.0,2023-12-01,IDR, PAA 
5000000.0,2023-12-01,IDR, PAA 
5000000.0,2023-12-01,IDR, PAA 
5000000.0,2023-12-01,IDR, PAA 
3000000.0,2023-12-01,IDR, PAA 
0.0,2023-12-01,USD, GMM 
0.0,2023-12-01,IDR, GMM 
2700000.0,2023-12-01,IDR, GMM 
2000000.0,2023-12-01,IDR, GMM 
2000000.0,2023-12-01,IDR, GMM 
2900000.0,2023-12-01,IDR, GMM 
8000000.0,2023-12-01,IDR, GMM 
2000000.0,2023-12-01,IDR, GMM 
2000000.0,2023-12-01,IDR, GMM 
2000000.0,2023-12-01,IDR, GMM 
8000000.0,2023-12-01,IDR, GMM 
0.0,2023-12-01,IDR, GMM 
0.0,2023-12-01,IDR, GMM 
10000000.0,2023-12-01,IDR, GMM 
3000000.0,2023-12-01,IDR, PAA 
6000000.0,2023-12-01,IDR, PAA 
6000000.0,2023-12-01,IDR, PAA 
7000000.0,2023-12-01,IDR, PAA 
0.0,2023-12-01,IDR, PAA 
3000000.0,2023-12-01,IDR, PAA 
5000000.0,2023-12-01,IDR, PAA 
9000000.0,2023-12-01,IDR, PAA 
0.0,2023-12-01,IDR, GMM 
6000000.0,2023-12-01,IDR, GMM 
0.0,2023-12-01,IDR, GMM 
0.0,2023-12-01,IDR, GMM 
0.0,2023-12-01,IDR, GMM 
3000000.0,2023-12-01,IDR, GMM 
12000000.0,2023-12-01,IDR, GMM 
32000000.0,2023-12-01,IDR, GMM 
8400000.0,2023-12-01,IDR, GMM 
0.0,2023-12-01,IDR, GMM 
0.0,2023-12-01,IDR, GMM 
0.0,2023-12-01,IDR, GMM 
0.0,2023-12-01,IDR, PAA 
3000000.0,2023-12-01,IDR, PAA 
13000000.0,2023-12-01,IDR, PAA 
3000000.0,2023-12-01,IDR, PAA 
300000000.0,2023-12-01,IDR, GMM 
15000000.0,2023-12-01,IDR, GMM 
0.0,2023-12-01,IDR, GMM 
0.0,2023-12-01,IDR, GMM 
0.0,2023-12-01,IDR, GMM 
0.0,2023-12-01,IDR, GMM 
0.0,2023-12-01,IDR, GMM 
1400000.0,2023-12-01,IDR, GMM 
3000000.0,2023-12-01,IDR, GMM 
1550988.756,2023-12-01,IDR, GMM 
2000000.0,2023-12-01,IDR, GMM 
1800000.0,2023-12-01,IDR, GMM 
0.0,2023-12-01,IDR, GMM 
3000000.0,2023-12-01,IDR, PAA 
11000000.0,2023-12-01,IDR, PAA 
11000000.0,2023-12-01,IDR, PAA 
11000000.0,2023-12-01,IDR, PAA 
5000000.0,2023-12-01,IDR, PAA 
0.0,2023-12-01,IDR, GMM 
0.0,2023-12-01,IDR, GMM 
0.0,2023-12-01,IDR, GMM 
2000000.0,2023-12-01,IDR, GMM 
3600000.0,2023-12-01,IDR, GMM 
12000000.0,2023-12-01,IDR, PAA 
3000000.0,2023-12-01,IDR, PAA 
11000000.0,2023-12-01,IDR, PAA 
11000000.0,2023-12-01,IDR, PAA 
7000000.0,2023-12-01,IDR, PAA 
11000000.0,2023-12-01,IDR, PAA 
11000000.0,2023-12-01,IDR, PAA 
6000000.0,2023-12-01,IDR, PAA 
10000000.0,2023-12-01,IDR, PAA 
0.0,2023-12-01,IDR, GMM 
0.0,2023-12-01,USD, GMM 
0.0,2023-12-01,USD, GMM 
0.0,2023-12-01,IDR, GMM 
0.0,2023-12-01,IDR, GMM 
0.0,2023-12-01,IDR, GMM 
0.0,2023-12-01,IDR, GMM 
0.0,2023-12-01,IDR, GMM 
0.0,2023-12-01,IDR, GMM 
4000000.0,2023-12-01,IDR, GMM 
4000000.0,2023-12-01,IDR, GMM 
1000000.0,2023-12-01,IDR, GMM 
6000000.0,2023-12-01,IDR, GMM 
15000000.0,2023-12-01,IDR, GMM 
9600000.0,2023-12-01,IDR, GMM 
3000000.0,2023-12-01,IDR, GMM 
3000000.0,2023-12-01,IDR, GMM 
2000000.0,2023-12-01,IDR, GMM 
15000000.0,2023-12-01,IDR, GMM 
11000000.0,2023-12-01,IDR, PAA 
4000000.0,2023-12-01,IDR, PAA 
0.0,2023-12-01,IDR, GMM 
0.0,2023-12-01,IDR, GMM 
0.0,2023-12-01,IDR, GMM 
0.0,2023-12-01,IDR, GMM 
1682910.0,2023-12-01,IDR, GMM 
7480000.0,2023-12-01,IDR, GMM 
1517000.0,2023-12-01,IDR, GMM 
2200000.0,2023-12-01,IDR, GMM 
2150000.0,2023-12-01,IDR, GMM 
5600000.0,2023-12-01,IDR, GMM 
2090519.494,2023-12-01,IDR, GMM 
2090519.494,2023-12-01,IDR, GMM 
1344176.356,2023-12-01,IDR, GMM 
1344176.356,2023-12-01,IDR, GMM 
1428367.376,2023-12-01,IDR, GMM 
1569981.946,2023-12-01,IDR, GMM 
1569981.946,2023-12-01,IDR, GMM 
1371553.972,2023-12-01,IDR, GMM 
1668056.714,2023-12-01,IDR, GMM 
1569981.946,2023-12-01,IDR, GMM 
1569981.946,2023-12-01,IDR, GMM 
1371553.972,2023-12-01,IDR, GMM 
1668056.714,2023-12-01,IDR, GMM 
1569981.946,2023-12-01,IDR, GMM 
2600000.0,2023-12-01,IDR, GMM 
0.0,2023-12-01,IDR, GMM 
0.0,2023-12-01,IDR, GMM 
0.0,2023-12-01,IDR, GMM 
0.0,2023-12-01,IDR, GMM 
0.0,2023-12-01,IDR, GMM 
9000000.0,2023-12-01,IDR, GMM 
4000000.0,2023-12-01,IDR, GMM 
2600000.0,2023-12-01,IDR, GMM 
2000000.0,2023-12-01,IDR, GMM 
2000000.0,2023-12-01,IDR, GMM 
3015000.0,2023-12-01,IDR, GMM 
25000000.0,2023-12-01,IDR, GMM 
0.0,2023-12-01,IDR, GMM 
0.0,2023-12-01,IDR, GMM 
0.0,2023-12-01,IDR, GMM 
4000000.0,2023-12-01,IDR, PAA 
0.0,2023-12-01,IDR, GMM 
0.0,2023-12-01,IDR, GMM 
0.0,2023-12-01,IDR, GMM 
0.0,2023-12-01,IDR, GMM 
1000000.0,2023-12-01,IDR, GMM 
14800000.0,2023-12-01,IDR, GMM 
80000000.0,2023-12-01,IDR, GMM 
8000000.0,2023-12-01,IDR, GMM 
2000000.0,2023-12-01,IDR, GMM 
1530000.0,2023-12-01,IDR, GMM 
1000000.0,2023-12-01,IDR, GMM 
5000000.0,2023-12-01,IDR, GMM 
2000000.0,2023-12-01,IDR, GMM 
7500000.0,2023-12-01,IDR, GMM 
5000000.0,2023-12-01,IDR, PAA 
0.0,2023-12-01,USD, GMM 
0.0,2023-12-01,USD, GMM 
0.0,2023-12-01,IDR, GMM 
3000000.0,2023-12-01,IDR, GMM 
1500000.0,2023-12-01,IDR, GMM 
2000000.0,2023-12-01,IDR, GMM 
6600000.0,2023-12-01,IDR, GMM 
6600000.0,2023-12-01,IDR, GMM 
2000000.0,2023-12-01,IDR, GMM 
20800000.0,2023-12-01,IDR, GMM 
16000000.0,2023-12-01,IDR, GMM 
2000000.0,2023-12-01,IDR, GMM 
40000000.0,2023-12-01,IDR, GMM 
0.0,2023-12-01,USD, GMM 
500000000.0,2023-12-01,IDR, PAA 
0.0,2023-12-01,IDR, GMM 
0.0,2023-12-01,IDR, GMM 
0.0,2023-12-01,IDR, GMM 
6229500.0,2023-12-01,IDR, GMM 
17942720.7,2023-12-01,IDR, GMM 
8000000.0,2023-12-01,IDR, GMM 
2000000.0,2023-12-01,IDR, GMM 
8000000.0,2023-12-01,IDR, GMM 
12000000.0,2023-12-01,IDR, GMM 
8000000.0,2023-12-01,IDR, GMM 
1200000.0,2023-12-01,IDR, GMM 
4000000.0,2023-12-01,IDR, GMM 
7000000.0,2023-12-01,IDR, GMM 
2400000.0,2023-12-01,IDR, GMM 
4000000.0,2023-12-01,IDR, GMM 
0.0,2023-12-01,USD, GMM 
0.0,2023-12-01,IDR, GMM 
0.0,2023-12-01,IDR, GMM 
0.0,2023-12-01,IDR, GMM 
0.0,2023-12-01,IDR, GMM 
0.0,2023-12-01,IDR, GMM 
0.0,2023-12-01,IDR, GMM 
4233991.0,2023-12-01,IDR, GMM 
0.0,2023-12-01,IDR, GMM 
2200000.0,2023-12-01,IDR, GMM 
3000000.0,2023-12-01,IDR, GMM 
2000000.0,2023-12-01,IDR, GMM 
2400000.0,2023-12-01,IDR, GMM 
2400000.0,2023-12-01,IDR, GMM 
4000000.0,2023-12-01,IDR, GMM 
8000000.0,2023-12-01,IDR, GMM 
6000000.0,2023-12-01,IDR, GMM 
24000000.0,2023-12-01,IDR, GMM 
2000000.0,2023-12-01,IDR, GMM 
11200000.0,2023-12-01,IDR, GMM 
4000000.0,2023-12-01,IDR, GMM 
55000000.0,2023-12-01,IDR, GMM 
0.0,2023-12-01,IDR, GMM 
0.0,2023-12-01,IDR, GMM 
7500000.0,2023-12-01,IDR, GMM 
5000000.0,2023-12-01,IDR, GMM 
2500000.0,2023-12-01,IDR, GMM 
4000000.0,2023-12-01,IDR, GMM 
2600000.0,2023-12-01,IDR, GMM 
2000000.0,2023-12-01,IDR, GMM 
6300000.0,2023-12-01,IDR, GMM 
0.0,2023-12-01,IDR, GMM 
0.0,2023-12-01,IDR, GMM 
0.0,2023-12-01,IDR, GMM 
0.0,2023-12-01,IDR, GMM 
0.0,2023-12-01,IDR, GMM 
0.0,2023-12-01,IDR, GMM 
4233991.0,2023-12-01,IDR, GMM 
0.0,2023-12-01,IDR, GMM 
4233991.0,2023-12-01,IDR, GMM 
4233991.0,2023-12-01,IDR, GMM 
4233991.0,2023-12-01,IDR, GMM 
3841385.0,2023-12-01,IDR, GMM 
0.0,2023-12-01,IDR, GMM 
0.0,2023-12-01,IDR, GMM 
0.0,2023-12-01,IDR, GMM 
7621183.0,2023-12-01,IDR, GMM 
4233991.0,2023-12-01,IDR, GMM 
0.0,2023-12-01,IDR, GMM 
4233991.0,2023-12-01,IDR, GMM 
0.0,2023-12-01,IDR, GMM 
0.0,2023-12-01,IDR, GMM 
0.0,2023-12-01,IDR, GMM 
0.0,2023-12-01,IDR, GMM 
-300000000.0,2023-12-01,IDR, GMM 
2000000.0,2023-12-01,IDR, GMM 
8000000.0,2023-12-01,IDR, GMM 
2000000.0,2023-12-01,IDR, GMM 
2900000.0,2023-12-01,IDR, GMM 
2000000.0,2023-12-01,IDR, GMM 
2000000.0,2023-12-01,IDR, GMM 
2000000.0,2023-12-01,IDR, GMM 
2000000.0,2023-12-01,IDR, GMM 
0.0,2023-12-01,IDR, GMM 
24000000.0,2023-12-01,IDR, GMM 
10000000.0,2023-12-01,IDR, GMM 
0.0,2023-12-01,IDR, GMM 
25000000.0,2023-12-01,IDR, GMM 
2715087.54,2023-12-01,IDR, GMM 
3906780.67,2023-12-01,IDR, GMM 
3123791.88,2023-12-01,IDR, GMM 
0.0,2023-12-01,IDR, GMM 
0.0,2023-12-01,IDR, GMM 
0.0,2023-12-01,IDR, GMM 
0.0,2023-12-01,IDR, GMM 
3123791.88,2023-12-01,IDR, GMM 
4000000.0,2023-12-01,IDR, GMM 
20000000.0,2023-12-01,IDR, GMM 
16000000.0,2023-12-01,IDR, GMM 
0.0,2023-12-01,IDR, GMM 
0.0,2023-12-01,IDR, GMM 
0.0,2023-12-01,IDR, GMM 
3000000.0,2023-12-01,IDR, GMM 
3000000.0,2023-12-01,IDR, GMM 
20000000.0,2023-12-01,IDR, GMM 
8000000.0,2023-12-01,IDR, GMM 
2500.0,2023-12-01,USD, GMM 
0.0,2023-12-01,IDR, GMM 
0.0,2023-12-01,IDR, GMM 
2204428.0,2023-12-01,IDR, GMM 
2715087.54,2023-12-01,IDR, GMM 
0.0,2023-12-01,IDR, GMM 
4620161.0,2023-12-01,IDR, GMM 
2204428.0,2023-12-01,IDR, GMM 
3442236.0,2023-12-01,IDR, GMM 
0.0,2023-12-01,IDR, GMM 
0.0,2023-12-01,IDR, GMM 
3442236.0,2023-12-01,IDR, GMM 
0.0,2023-12-01,IDR, GMM 
3036434.0,2023-12-01,IDR, GMM 
0.0,2023-12-01,IDR, GMM 
3000000.0,2023-12-01,IDR, GMM 
1550988.756,2023-12-01,IDR, GMM 
2000000.0,2023-12-01,IDR, GMM 
20000000.0,2023-12-01,IDR, GMM 
53000000.0,2023-12-01,IDR, GMM 
0.0,2023-12-01,IDR, GMM 
3442236.0,2023-12-01,IDR, GMM 
3036434.0,2023-12-01,IDR, GMM 
0.0,2023-12-01,IDR, GMM 
3442236.0,2023-12-01,IDR, GMM 
1777996.0,2023-12-01,IDR, GMM 
5000000.0,2023-12-01,IDR, GMM 
4281712.33,2023-12-01,IDR, GMM 
2500.0,2023-12-01,IDR, GMM 
25000000.0,2023-12-01,IDR, GMM 
10560000.0,2023-12-01,IDR, GMM 
12000000.0,2023-12-01,IDR, GMM 
2000000.0,2023-12-01,IDR, GMM 
0.0,2023-12-01,IDR, GMM 
2500.0,2023-12-01,USD, GMM 
0.0,2023-12-01,IDR, GMM 
4281712.33,2023-12-01,IDR, GMM 
4281712.33,2023-12-01,IDR, GMM 
1835570.12,2023-12-01,IDR, GMM 
2294462.65,2023-12-01,IDR, GMM 
2715087.54,2023-12-01,IDR, GMM 
1861569.54,2023-12-01,IDR, GMM 
2294462.65,2023-12-01,IDR, GMM 
2978511.27,2023-12-01,IDR, GMM 
0.0,2023-12-01,IDR, GMM 
0.0,2023-12-01,IDR, GMM 
0.0,2023-12-01,IDR, GMM 
4588925.0,2023-12-01,IDR, GMM 
6000000.0,2023-12-01,IDR, GMM 
3841385.0,2023-12-01,IDR, GMM 
1416050.38,2023-12-01,IDR, GMM 
3442236.0,2023-12-01,IDR, GMM 
3520913.0,2023-12-01,IDR, GMM 
3036434.0,2023-12-01,IDR, GMM 
3841385.0,2023-12-01,IDR, GMM 
4233991.0,2023-12-01,IDR, GMM 
3810591.0,2023-12-01,IDR, GMM 
3036434.0,2023-12-01,IDR, GMM 
3387192.0,2023-12-01,IDR, GMM 
3036434.0,2023-12-01,IDR, GMM 
3520913.5,2023-12-01,IDR, GMM 
3906780.67,2023-12-01,IDR, GMM 
2715087.54,2023-12-01,IDR, GMM 
6000000.0,2023-12-01,IDR, GMM 
5000000.0,2023-12-01,IDR, GMM 
5994397.26,2023-12-01,IDR, GMM 
3123179.88,2023-12-01,IDR, GMM 
2294462.65,2023-12-01,IDR, GMM 
2294462.65,2023-12-01,IDR, GMM 
2715087.54,2023-12-01,IDR, GMM 
2715087.54,2023-12-01,IDR, GMM 
3123791.88,2023-12-01,IDR, GMM 
2294462.65,2023-12-01,IDR, GMM 
1861569.54,2023-12-01,IDR, GMM 
0.0,2023-12-01,IDR, GMM 
30000000.0,2024-01-01,IDR, GMM 
1000000.0,2024-01-01,IDR, GMM 
1000000.0,2024-01-01,IDR, GMM 
8000000.0,2024-01-01,IDR, GMM 
24000000.0,2024-01-01,IDR, GMM 
4000000.0,2024-01-01,IDR, GMM 
6000000.0,2024-01-01,IDR, GMM 
2400000.0,2024-01-01,IDR, GMM 
2000000.0,2024-01-01,IDR, GMM 
3125424.54,2024-01-01,IDR, GMM 
1416050.38,2024-01-01,IDR, GMM 
2294462.65,2024-01-01,IDR, GMM 
6250849.07,2024-01-01,IDR, GMM 
2294462.65,2024-01-01,IDR, GMM 
0.0,2024-01-01,IDR, GMM 
1777996.0,2024-01-01,IDR, GMM 
4620161.0,2024-01-01,IDR, GMM 
722947.0,2024-01-01,IDR, GMM 
0.0,2024-01-01,USD, GMM 
0.0,2024-01-01,IDR, GMM 
-2500.0,2024-01-01,IDR, GMM 
0.0,2024-01-01,IDR, GMM 
1682910.0,2024-02-01,IDR, GMM 
8000000.0,2024-02-01,IDR, GMM 
1870000.0,2024-02-01,IDR, GMM 
8000000.0,2024-02-01,IDR, GMM 
2200000.0,2024-02-01,IDR, GMM 
2150000.0,2024-02-01,IDR, GMM 
2781125.43,2024-02-01,IDR, GMM 
2781125.43,2024-02-01,IDR, GMM 
2781125.43,2024-02-01,IDR, GMM 
1344176.356,2024-02-01,IDR, GMM 
1344176.356,2024-02-01,IDR, GMM 
1428367.376,2024-02-01,IDR, GMM 
6437595.56,2024-02-01,IDR, GMM 
1371553.972,2024-02-01,IDR, GMM 
1668056.714,2024-02-01,IDR, GMM 
1371553.972,2024-02-01,IDR, GMM 
1668056.714,2024-02-01,IDR, GMM 
2600000.0,2024-02-01,IDR, GMM 
4000000.0,2024-02-01,IDR, GMM 
0.0,2024-02-01,IDR, GMM 
4281712.33,2024-02-01,IDR, GMM 
2715087.54,2024-02-01,IDR, GMM 
3841385.0,2024-02-01,IDR, GMM 
7000000.0,2024-02-01,IDR, GMM 
8316289.0,2024-02-01,IDR, GMM 
4281712.33,2024-02-01,IDR, GMM 
9000000.0,2024-02-01,IDR, GMM 
15000000.0,2024-02-01,IDR, GMM 
0.0,2024-02-01,IDR, GMM 
0.0,2024-02-01,IDR, GMM 
2500.0,2024-02-01,USD, GMM 
4000000.0,2024-03-01,IDR, GMM 
1000000.0,2024-03-01,IDR, GMM 
2000000.0,2024-03-01,IDR, GMM 
4000000.0,2024-03-01,IDR, GMM 
2000000.0,2024-03-01,IDR, GMM 
4090000.0,2024-03-01,IDR, GMM 
3015000.0,2024-03-01,IDR, GMM 
0.0,2024-03-01,USD, GMM 
2500.0,2024-03-01,USD, GMM 
0.0,2024-03-01,USD, GMM 
2500.0,2024-03-01,USD, GMM 
0.0,2024-03-01,USD, GMM 
0.0,2024-03-01,USD, GMM 
2204428.0,2024-03-01,IDR, GMM 
2204428.0,2024-03-01,IDR, GMM 
903692.0,2024-03-01,IDR, GMM 
3841385.0,2024-03-01,IDR, GMM 
3036434.0,2024-03-01,IDR, GMM 
4233991.0,2024-03-01,IDR, GMM 
1344457.0,2024-03-01,IDR, GMM 
1777996.0,2024-03-01,IDR, GMM 
2204428.0,2024-03-01,IDR, GMM 
0.0,2024-03-01,IDR, GMM 
903692.0,2024-03-01,IDR, GMM 
2645308.0,2024-03-01,IDR, GMM 
2204428.0,2024-03-01,IDR, GMM 
3086198.0,2024-03-01,IDR, GMM 
5377939.0,2024-03-01,IDR, GMM 
3306641.0,2024-03-01,IDR, GMM 
903692.0,2024-03-01,IDR, GMM 
0.0,2024-03-01,IDR, GMM 
0.0,2024-03-01,IDR, GMM 
0.0,2024-03-01,IDR, GMM 
40240800.0,2024-04-01,IDR, GMM 
1000000.0,2024-04-01,IDR, GMM 
6660000.0,2024-04-01,IDR, GMM 
9600000.0,2024-04-01,IDR, GMM 
20000000.0,2024-04-01,IDR, GMM 
2000000.0,2024-04-01,IDR, GMM 
2000000.0,2024-04-01,IDR, GMM 
1530000.0,2024-04-01,IDR, GMM 
1000000.0,2024-04-01,IDR, GMM 
5000000.0,2024-04-01,IDR, GMM 
16000000.0,2024-04-01,IDR, GMM 
8000000.0,2024-04-01,IDR, GMM 
2000000.0,2024-04-01,IDR, GMM 
3520913.5,2024-04-01,IDR, GMM 
3123791.88,2024-04-01,IDR, GMM 
3123791.88,2024-04-01,IDR, GMM 
3123791.88,2024-04-01,IDR, GMM 
3123791.88,2024-04-01,IDR, GMM 
3123791.88,2024-04-01,IDR, GMM 
3123791.88,2024-04-01,IDR, GMM 
0.0,2024-04-01,IDR, GMM 
4929278.9,2024-04-01,IDR, GMM 
1982470.54,2024-04-01,IDR, GMM 
0.0,2024-04-01,IDR, GMM 
0.0,2024-04-01,IDR, GMM 
0.0,2024-04-01,IDR, GMM 
-2500.0,2024-04-01,USD, GMM 
-2500.0,2024-04-01,USD, GMM 
6800000.0,2024-05-01,IDR, GMM 
1500000.0,2024-05-01,IDR, GMM 
2000000.0,2024-05-01,IDR, GMM 
4000000.0,2024-05-01,IDR, GMM 
6600000.0,2024-05-01,IDR, GMM 
2000000.0,2024-05-01,IDR, GMM 
5200000.0,2024-05-01,IDR, GMM 
4000000.0,2024-05-01,IDR, GMM 
2000000.0,2024-05-01,IDR, GMM 
10000000.0,2024-05-01,IDR, GMM 
455581.0,2024-05-01,IDR, GMM 
1777996.0,2024-05-01,IDR, GMM 
1244797.99,2024-05-01,IDR, GMM 
3520913.5,2024-05-01,IDR, GMM 
1344457.0,2024-05-01,IDR, GMM 
2623869.0,2024-05-01,IDR, GMM 
2715087.54,2024-05-01,IDR, GMM 
2204428.0,2024-05-01,IDR, GMM 
2623869.0,2024-05-01,IDR, GMM 
5080788.0,2024-05-01,IDR, GMM 
3036434.0,2024-05-01,IDR, GMM 
15000000.0,2024-05-01,IDR, GMM 
15000000.0,2024-05-01,IDR, GMM 
10000000.0,2024-05-01,IDR, GMM 
6400000.0,2024-06-01,IDR, GMM 
17448000.0,2024-06-01,IDR, GMM 
2000000.0,2024-06-01,IDR, GMM 
2000000.0,2024-06-01,IDR, GMM 
8800000.0,2024-06-01,IDR, GMM 
2000000.0,2024-06-01,IDR, GMM 
3000000.0,2024-06-01,IDR, GMM 
2000000.0,2024-06-01,IDR, GMM 
1200000.0,2024-06-01,IDR, GMM 
4000000.0,2024-06-01,IDR, GMM 
7000000.0,2024-06-01,IDR, GMM 
2400000.0,2024-06-01,IDR, GMM 
80000000.0,2024-06-01,IDR, GMM 
1000000.0,2024-06-01,IDR, GMM 
2294463.0,2024-06-01,IDR, GMM 
15000000.0,2024-06-01,IDR, GMM 
15000000.0,2024-06-01,IDR, GMM 
957357.0,2024-06-01,IDR, GMM 
2294462.0,2024-06-01,IDR, GMM 
3212247.0,2024-06-01,IDR, GMM 
3442236.0,2024-06-01,IDR, GMM 
2016684.0,2024-06-01,IDR, GMM 
2623869.0,2024-06-01,IDR, GMM 
15000000.0,2024-06-01,IDR, GMM 
10000000.0,2024-06-01,IDR, GMM 
-15000000.0,2024-07-01,IDR, GMM 
-15000000.0,2024-07-01,IDR, GMM 
15000000.0,2024-07-01,IDR, GMM 
15000000.0,2024-07-01,IDR, GMM 
2200000.0,2024-07-01,IDR, GMM 
2400000.0,2024-07-01,IDR, GMM 
1000000.0,2024-07-01,IDR, GMM 
2000000.0,2024-07-01,IDR, GMM 
6000000.0,2024-07-01,IDR, GMM 
6000000.0,2024-07-01,IDR, GMM 
2000000.0,2024-07-01,IDR, GMM 
2800000.0,2024-07-01,IDR, GMM 
10400000.0,2024-07-01,IDR, GMM 
40000000.0,2024-07-01,IDR, GMM 
4000000.0,2024-07-01,IDR, GMM 
80000000.0,2024-07-01,IDR, GMM 
2294462.65,2024-07-01,IDR, GMM 
0.0,2024-07-01,IDR, GMM 
1416050.38,2024-07-01,IDR, GMM 
2294462.65,2024-07-01,IDR, GMM 
0.0,2024-07-01,IDR, GMM 
1861570.0,2024-07-01,IDR, GMM 
1861569.54,2024-07-01,IDR, GMM 
1861570.0,2024-07-01,IDR, GMM 
15000000.0,2024-07-01,IDR, GMM 
15000000.0,2024-07-01,IDR, GMM 
15000000.0,2024-07-01,IDR, GMM 
15000000.0,2024-07-01,IDR, GMM 
15000000.0,2024-07-01,IDR, GMM 
15000000.0,2024-07-01,IDR, GMM 
15000000.0,2024-07-01,IDR, GMM 
15000000.0,2024-07-01,IDR, GMM 
0.0,2024-07-01,IDR, GMM 
0.0,2024-07-01,IDR, GMM 
2500.0,2024-07-01,USD, GMM 
25000000.0,2024-07-01,IDR, GMM 
0.0,2024-07-01,IDR, GMM 
0.0,2024-07-01,IDR, GMM 
0.0,2024-08-01,IDR,GMM
0.0,2024-08-01,IDR,GMM
5072000.0,2024-08-01,IDR,GMM
24000000.0,2024-08-01,IDR,GMM
5000000.0,2024-08-01,IDR,GMM
16000000.0,2024-08-01,IDR,GMM
20000000.0,2024-08-01,IDR,GMM
2500000.0,2024-08-01,IDR,GMM
16000000.0,2024-08-01,IDR,GMM
4000000.0,2024-08-01,IDR,GMM
2600000.0,2024-08-01,IDR,GMM
40000000.0,2024-08-01,IDR,GMM
15000000.0,2024-08-01,IDR,GMM
15000000.0,2024-08-01,IDR,GMM
15000000.0,2024-08-01,IDR,GMM
15000000.0,2024-08-01,IDR,GMM
15000000.0,2024-08-01,IDR,GMM
15000000.0,2024-08-01,IDR,GMM
455581.0,2024-08-01,IDR,GMM
2294462.65,2024-08-01,IDR,GMM
957536.92,2024-08-01,IDR,GMM
2000000.0,2024-09-01,IDR,GMM
2000000.0,2024-09-01,IDR,GMM
2900000.0,2024-09-01,IDR,GMM
2000000.0,2024-09-01,IDR,GMM
2000000.0,2024-09-01,IDR,GMM
2000000.0,2024-09-01,IDR,GMM
8000000.0,2024-09-01,IDR,GMM
6000000.0,2024-09-01,IDR,GMM
10000000.0,2024-09-01,IDR,GMM
4000000.0,2024-09-01,IDR,GMM
0.0,2024-09-01,IDR,GMM
15000000.0,2024-09-01,IDR,GMM
15000000.0,2024-09-01,IDR,GMM
15000000.0,2024-09-01,IDR,GMM
15000000.0,2024-09-01,IDR,GMM
1861569.54,2024-09-01,IDR,GMM
957536.92,2024-09-01,IDR,GMM
0.0,2024-09-01,IDR,GMM
25000000.0,2024-09-01,IDR,GMM
1000000.0,2024-10-01,IDR,GMM
4800000.0,2024-10-01,IDR,GMM
4000000.0,2024-10-01,IDR,GMM
3000000.0,2024-10-01,IDR,GMM
3000000.0,2024-10-01,IDR,GMM
5000000.0,2024-10-01,IDR,GMM
8000000.0,2024-10-01,IDR,GMM
8000000.0,2024-10-01,IDR,GMM
903692.0,2024-10-01,IDR,GMM
0.0,2024-10-01,IDR,GMM
0.0,2024-10-01,IDR,GMM
0.0,2024-10-01,IDR,GMM
0.0,2024-10-01,IDR,GMM
123378199.0,2024-10-01,IDR,GMM
81197850.98,2024-10-01,IDR,GMM
55000000.0,2024-10-01,IDR,GMM
15000000.0,2024-10-01,IDR,GMM
15000000.0,2024-10-01,IDR,GMM
15000000.0,2024-10-01,IDR,GMM
0.0,2024-10-01,IDR,GMM
0.0,2024-10-01,IDR,GMM
0.0,2024-10-01,USD,GMM
0.0,2024-10-01,USD,GMM
0.0,2024-10-01,IDR,GMM
0.0,2024-10-01,IDR,GMM
0.0,2024-10-01,IDR,GMM
3345000.0,2024-11-01,IDR,GMM
12000000.0,2024-11-01,IDR,GMM
20000000.0,2024-11-01,IDR,GMM
20000000.0,2024-11-01,IDR,GMM
8000000.0,2024-11-01,IDR,GMM
4000000.0,2024-11-01,IDR,GMM
3000000.0,2024-11-01,IDR,GMM
1550988.756,2024-11-01,IDR,GMM
8000000.0,2024-11-01,IDR,GMM
2000000.0,2024-11-01,IDR,GMM
20000000.0,2024-11-01,IDR,GMM
20000000.0,2024-11-01,IDR,GMM
5000000.0,2024-11-01,IDR,GMM
15000000.0,2024-11-01,IDR,GMM
15000000.0,2024-11-01,IDR,GMM
15000000.0,2024-11-01,IDR,GMM
15000000.0,2024-11-01,IDR,GMM
15000000.0,2024-11-01,IDR,GMM
15000000.0,2024-11-01,IDR,GMM
15000000.0,2024-11-01,IDR,GMM
15000000.0,2024-11-01,IDR,GMM
94453365.0,2024-11-01,IDR,GMM
0.0,2024-11-01,USD,GMM
0.0,2024-11-01,USD,GMM
0.0,2024-11-01,IDR,GMM
3000000.0,2024-12-01,IDR,GMM
12800000.0,2024-12-01,IDR,GMM
2000000.0,2024-12-01,IDR,GMM
32000000.0,2024-12-01,IDR,GMM
16000000.0,2024-12-01,IDR,GMM
-1000000.0,2024-12-01,IDR,GMM
-4000000.0,2024-12-01,IDR,GMM
-4090000.0,2024-12-01,IDR,GMM
0.0,2024-12-01,IDR,GMM
679910.0,2024-12-01,IDR,GMM
15000000.0,2024-12-01,IDR,GMM
15000000.0,2024-12-01,IDR,GMM
2600000.0,2024-12-01,IDR,GMM
1800000.0,2024-12-01,IDR,GMM
5000000.0,2024-12-01,IDR,GMM
4000000.0,2024-12-01,IDR,GMM
15000000.0,2024-12-01,IDR,GMM
17714412.0,2024-12-01,IDR,GMM
10864859.26,2024-12-01,IDR,GMM
5000000.0,2024-12-01,IDR,GMM
5000000.0,2024-12-01,IDR,GMM
500000000.0,2024-12-01,IDR,PAA
